Id,OverallQual,OverallCond,GrLivArea,FullBath,HalfBath,GarageArea,LotArea,HouseStyle,LotConfig,Neighborhood,SalePrice
1,7,5,1710,2,1,548,8450,2Story,Inside,CollgCr,208500
2,6,8,1262,2,0,460,9600,1Story,FR2,Veenker,181500
3,7,5,1786,2,1,608,11250,2Story,Inside,CollgCr,223500
4,7,5,1717,1,0,642,9550,2Story,Corner,Crawfor,140000
5,8,5,2198,2,1,836,14260,2Story,FR2,NoRidge,250000
6,5,5,1362,1,1,480,14115,1.5Fin,Inside,Mitchel,143000
7,8,5,1694,2,0,636,10084,1Story,Inside,Somerst,307000
8,7,6,2090,2,1,484,10382,2Story,Corner,NWAmes,200000
9,7,5,1774,2,0,468,6120,1.5Fin,Inside,OldTown,129900
10,5,6,1077,1,0,205,7420,1.5Unf,Corner,BrkSide,118000
11,5,5,1040,1,0,384,11200,1Story,Inside,Sawyer,129500
12,9,5,2324,3,0,736,11924,2Story,Inside,NridgHt,345000
13,5,6,912,1,0,352,12968,1Story,Inside,Sawyer,144000
14,7,5,1494,2,0,840,10652,1Story,Inside,CollgCr,279500
15,6,5,1253,1,1,352,10920,1Story,Corner,NAmes,157000
16,7,8,854,1,0,576,6120,1.5Unf,Corner,BrkSide,132000
17,6,7,1004,1,0,480,11241,1Story,CulDSac,NAmes,149000
18,4,5,1296,2,0,516,10791,1Story,Inside,Sawyer,90000
19,5,5,1114,1,1,576,13695,1Story,Inside,SawyerW,159000
20,5,6,1339,1,0,294,7560,1Story,Inside,NAmes,139000
21,8,5,2376,3,1,853,14215,2Story,Corner,NridgHt,325300
22,7,7,1108,1,0,280,7449,1.5Unf,Inside,IDOTRR,139400
23,8,5,1795,2,0,534,9742,1Story,Inside,CollgCr,230000
24,5,7,1060,1,0,572,4224,1Story,Inside,MeadowV,129900
25,5,8,1060,1,0,270,8246,1Story,Inside,Sawyer,154000
26,8,5,1600,2,0,890,14230,1Story,Corner,NridgHt,256300
27,5,7,900,1,0,576,7200,1Story,Corner,NAmes,134800
28,8,5,1704,2,0,772,11478,1Story,Inside,NridgHt,306000
29,5,6,1600,1,0,319,16321,1Story,CulDSac,NAmes,207500
30,4,6,520,1,0,240,6324,1Story,Inside,BrkSide,68500
31,4,4,1317,1,0,250,8500,2Story,Inside,IDOTRR,40000
32,5,6,1228,1,1,271,8544,1Story,CulDSac,Sawyer,149350
33,8,5,1234,2,0,484,11049,1Story,Corner,CollgCr,179900
34,5,5,1700,1,1,447,10552,1Story,Inside,NAmes,165500
35,9,5,1561,2,0,556,7313,1Story,Inside,NridgHt,277500
36,8,5,2452,3,1,691,13418,2Story,Inside,NridgHt,309000
37,5,5,1097,1,1,672,10859,1Story,Corner,CollgCr,145000
38,5,6,1297,1,0,498,8532,1Story,Inside,NAmes,153000
39,5,7,1057,1,0,246,7922,1Story,Inside,NAmes,109000
40,4,5,1152,2,0,0,6040,1Story,Inside,Edwards,82000
41,6,5,1324,2,0,440,8658,1Story,Inside,NAmes,160000
42,5,6,1328,1,1,308,16905,1Story,Inside,Timber,170000
43,5,7,884,1,0,504,9180,SFoyer,CulDSac,SawyerW,144000
44,5,6,938,1,0,308,9200,1Story,CulDSac,CollgCr,130250
45,5,6,1150,1,0,300,7945,1Story,Inside,NAmes,141000
46,9,5,1752,2,0,576,7658,1Story,Inside,NridgHt,319900
47,7,5,2149,1,1,670,12822,1.5Fin,CulDSac,Mitchel,239686
48,8,5,1656,2,0,826,11096,1Story,Inside,Somerst,249700
49,4,5,1452,2,0,0,4456,2Story,Inside,OldTown,113000
50,5,7,955,1,0,386,7742,1Story,Inside,Sawyer,127000
51,6,6,1470,2,0,388,13869,2Story,Corner,Gilbert,177000
52,6,6,1176,1,0,528,6240,1.5Fin,Inside,BrkSide,114500
53,5,5,816,1,0,516,8472,1Story,Corner,IDOTRR,110000
54,9,5,1842,0,1,894,50271,1Story,Inside,Veenker,385000
55,5,5,1360,1,0,572,7134,SLvl,Inside,NAmes,130000
56,6,5,1425,2,0,576,10175,1Story,Inside,NAmes,180500
57,8,5,1739,2,1,480,2645,2Story,Inside,Somerst,172500
58,7,5,1720,2,1,565,11645,2Story,Corner,CollgCr,196500
59,10,5,2945,3,1,641,13682,2Story,CulDSac,StoneBr,438780
60,5,7,780,1,0,352,7200,1Story,Inside,CollgCr,124900
61,6,5,1158,1,1,576,13072,1Story,Inside,SawyerW,158000
62,5,7,1111,1,0,288,7200,2.5Unf,Inside,IDOTRR,101000
63,8,5,1370,2,0,484,6442,1Story,Inside,NridgHt,202500
64,7,6,1710,2,0,480,10300,2Story,Inside,OldTown,140000
65,7,5,2034,2,1,645,9375,2Story,Inside,CollgCr,219500
66,8,5,2473,2,1,852,9591,2Story,Inside,NridgHt,317000
67,7,5,2207,2,0,576,19900,1Story,Inside,NAmes,180000
68,7,5,1479,2,0,558,10665,1Story,Inside,CollgCr,226000
69,4,6,747,1,0,220,4608,1Story,Corner,OldTown,80000
70,7,4,2287,2,0,667,15593,1.5Fin,Corner,ClearCr,225000
71,7,6,2223,2,0,516,13651,1Story,Inside,NAmes,244000
72,4,6,845,1,0,360,7599,1Story,Corner,Mitchel,129500
73,7,5,1718,2,1,427,10141,2Story,Corner,Gilbert,185000
74,5,7,1086,1,0,490,10200,1Story,Inside,NAmes,144900
75,3,6,1605,2,0,379,5790,2Story,Corner,OldTown,107400
76,4,5,988,1,0,297,1596,SLvl,Inside,MeadowV,91000
77,4,7,952,1,0,283,8475,1Story,Inside,NAmes,135750
78,5,5,1285,1,0,240,8635,1.5Fin,Inside,BrkSide,127000
79,4,5,1768,2,0,0,10778,1Story,Inside,Sawyer,136500
80,5,6,1230,1,1,440,10440,2Story,Corner,OldTown,110000
81,6,6,2142,2,1,509,13000,2Story,Corner,NAmes,193500
82,6,5,1337,2,0,405,4500,1Story,FR2,Mitchel,153500
83,8,5,1563,2,0,758,10206,1Story,Inside,Somerst,245000
84,5,5,1065,1,1,461,8892,1Story,Inside,NAmes,126500
85,7,5,1474,2,1,400,8530,SLvl,Inside,Gilbert,168500
86,8,5,2417,2,1,462,16059,2Story,Corner,NoRidge,260000
87,6,5,1560,2,1,400,11911,2Story,Inside,Gilbert,174000
88,6,5,1224,2,1,528,3951,2Story,Corner,Somerst,164500
89,3,2,1526,1,0,0,8470,1.5Fin,Corner,IDOTRR,85000
90,4,5,990,1,0,0,8070,1Story,Inside,CollgCr,123600
91,4,5,1040,1,0,420,7200,1Story,Inside,NAmes,109900
92,5,3,1235,1,0,480,8500,1Story,Inside,NAmes,98600
93,5,7,964,1,0,432,13360,1Story,Inside,Crawfor,163500
94,6,6,2291,2,0,506,7200,2.5Unf,Corner,OldTown,133900
95,6,5,1786,2,1,684,9337,2Story,Inside,CollgCr,204750
96,6,8,1470,2,1,420,9765,2Story,Corner,Gilbert,185000
97,7,5,1588,2,0,472,10264,1Story,Inside,CollgCr,214000
98,4,5,960,1,0,432,10921,1Story,Inside,Edwards,94750
99,5,5,835,1,0,366,10625,1Story,Corner,Edwards,83000
100,4,5,1225,1,1,0,9320,1Story,Inside,NAmes,128950
101,6,7,1610,2,0,480,10603,1Story,Inside,NWAmes,205000
102,6,5,1732,2,1,476,9206,2Story,Inside,SawyerW,178000
103,5,5,1535,2,0,410,7018,1Story,Inside,SawyerW,118964
104,7,5,1226,2,0,740,10402,1Story,Corner,CollgCr,198900
105,7,4,1818,1,1,240,7758,1.5Fin,Corner,IDOTRR,169500
106,8,5,1992,2,1,648,9375,2Story,Inside,Somerst,250000
107,4,7,1047,1,0,273,10800,1Story,Inside,OldTown,100000
108,5,5,789,1,0,250,6000,1Story,Inside,OldTown,115000
109,5,7,1517,2,0,0,8500,1.5Fin,Corner,IDOTRR,115000
110,6,6,1844,2,0,546,11751,1Story,Inside,NWAmes,190000
111,6,4,1855,2,0,325,9525,1.5Fin,Inside,Edwards,136900
112,7,5,1430,2,1,400,7750,SLvl,Inside,Gilbert,180000
113,7,5,2696,2,1,792,9965,2Story,Inside,CollgCr,383970
114,6,5,2259,2,0,450,21000,1Story,Corner,Crawfor,217000
115,6,8,2320,2,1,180,7259,2Story,Inside,Crawfor,259500
116,6,5,1458,2,1,440,3230,2Story,Corner,Somerst,176000
117,5,5,1092,1,0,288,11616,1Story,Inside,Sawyer,139000
118,5,5,1125,1,1,430,8536,1Story,Corner,Edwards,155000
119,7,5,3222,3,0,594,12376,2Story,Corner,SawyerW,320000
120,6,5,1456,2,1,390,8461,2Story,Inside,CollgCr,163990
121,6,5,988,1,0,540,21453,SLvl,CulDSac,ClearCr,180000
122,4,5,1123,1,0,264,6060,1.5Fin,Inside,IDOTRR,100000
123,6,7,1080,1,0,288,9464,1Story,Corner,NAmes,136000
124,6,5,1199,2,0,530,7892,1Story,Inside,SawyerW,153900
125,6,5,1586,2,0,435,17043,1Story,CulDSac,NWAmes,181000
126,6,8,754,1,0,0,6780,1.5Fin,Inside,IDOTRR,84500
127,6,5,958,2,0,440,4928,1Story,Inside,NPkVill,128000
128,5,7,840,1,0,0,4388,1.5Unf,Inside,OldTown,87000
129,6,5,1348,1,1,453,7590,2Story,Inside,NAmes,155000
130,5,7,1053,1,1,750,8973,1Story,Inside,NAmes,150000
131,7,6,2157,2,1,487,14200,2Story,Corner,NAmes,226000
132,6,5,2054,2,1,390,12224,2Story,Corner,Gilbert,244000
133,5,6,1327,1,0,624,7388,1Story,Corner,NAmes,150750
134,8,5,1296,2,0,471,6853,1Story,Inside,Timber,220000
135,5,6,1721,2,1,440,10335,1Story,Inside,Sawyer,180000
136,7,6,1682,2,0,530,10400,1Story,Inside,NWAmes,174000
137,5,5,1214,2,0,318,10355,1Story,Corner,NAmes,143000
138,7,5,1959,3,0,766,11070,1Story,Inside,Mitchel,171000
139,8,5,1852,2,1,660,9066,2Story,Inside,CollgCr,230000
140,6,5,1764,2,1,470,15426,2Story,Inside,CollgCr,231500
141,4,5,864,1,0,0,10500,1Story,FR2,NAmes,115000
142,7,5,1734,2,0,660,11645,1Story,Inside,CollgCr,260000
143,5,4,1385,2,0,720,8520,1.5Fin,Corner,NAmes,166000
144,7,5,1501,2,0,577,10335,1Story,Inside,CollgCr,204000
145,5,5,1728,2,0,504,9100,1Story,Inside,Sawyer,125000
146,6,5,1709,2,0,380,2522,2Story,Inside,Edwards,130000
147,5,7,875,1,0,180,6120,1Story,Corner,BrkSide,105000
148,7,5,2035,2,1,434,9505,2Story,CulDSac,Gilbert,222500
149,7,5,1080,1,0,0,7500,1Story,Inside,SawyerW,141000
150,5,4,1344,1,0,240,6240,1.5Fin,Inside,BrkSide,115000
151,5,6,969,1,1,440,10356,1Story,Corner,CollgCr,122000
152,8,5,1710,2,0,866,13891,1Story,Inside,NridgHt,372402
153,6,5,1993,2,1,495,14803,2Story,CulDSac,NWAmes,190000
154,6,7,1252,1,0,564,13500,1Story,Inside,ClearCr,235000
155,6,5,1200,1,0,312,11340,1Story,Corner,OldTown,125000
156,6,5,1096,1,0,0,9600,1.5Fin,Corner,Edwards,79000
157,5,7,1040,1,0,625,7200,1Story,Inside,NAmes,109500
158,8,5,1968,2,1,680,12003,2Story,Corner,Timber,269500
159,7,5,1947,2,1,678,12552,2Story,Corner,Somerst,254900
160,7,5,2462,2,1,576,19378,2Story,Corner,Gilbert,320000
161,6,6,1232,2,0,516,11120,1Story,CulDSac,Veenker,162500
162,9,5,2668,2,1,726,13688,2Story,Inside,NridgHt,412500
163,7,5,1541,2,0,532,12182,1Story,Corner,NridgHt,220000
164,4,6,882,1,0,0,5500,1.5Unf,Inside,OldTown,103200
165,6,7,1616,2,0,216,5400,1Story,Corner,OldTown,152000
166,5,7,1355,2,0,0,10106,1.5Fin,Inside,Edwards,127500
167,5,5,1867,1,0,303,10708,1Story,Inside,ClearCr,190000
168,8,5,2161,1,1,789,10562,2Story,Inside,NridgHt,325624
169,7,5,1720,2,1,440,8244,2Story,Inside,Gilbert,183500
170,8,6,1707,2,1,511,16669,1Story,Corner,Timber,228000
171,5,6,1382,1,1,660,12358,1.5Fin,Inside,OldTown,128500
172,6,5,1656,1,0,528,31770,1Story,Corner,NAmes,215000
173,7,7,1767,2,0,504,5306,2Story,Inside,StoneBr,239000
174,6,5,1362,1,1,504,10197,1Story,Inside,NAmes,163000
175,6,5,1651,2,0,616,12416,1Story,Inside,Timber,184000
176,6,7,2158,2,0,576,12615,1Story,Corner,Edwards,243000
177,6,5,2060,2,1,521,10029,2Story,Corner,ClearCr,211000
178,5,5,1920,2,0,451,13650,1.5Fin,Inside,Sawyer,172500
179,9,5,2234,2,0,1166,17423,1Story,CulDSac,StoneBr,501837
180,5,6,968,1,0,480,8520,1Story,Inside,OldTown,100000
181,6,5,1525,2,1,440,2117,2Story,Inside,Somerst,177000
182,7,6,1802,1,1,216,7588,2Story,Inside,Crawfor,200100
183,5,6,1340,1,0,252,9060,1Story,Inside,Edwards,120000
184,7,5,2082,2,1,484,11426,1.5Fin,Inside,OldTown,200000
185,5,8,1252,1,0,576,7438,1.5Fin,Inside,BrkSide,127000
186,10,9,3608,2,1,840,22950,2.5Fin,Inside,OldTown,475000
187,7,5,1217,2,0,497,9947,SLvl,CulDSac,Mitchel,173000
188,5,7,1656,2,1,180,10410,1.5Fin,Inside,OldTown,135000
189,5,5,1224,0,2,528,7018,SFoyer,Inside,SawyerW,153337
190,8,5,1593,1,1,682,4923,1Story,Inside,StoneBr,286000
191,8,8,2727,2,1,440,10570,2Story,Inside,Crawfor,315000
192,7,9,1479,1,1,484,7472,2Story,CulDSac,NAmes,184000
193,7,5,1431,2,0,666,9017,1Story,Inside,CollgCr,192000
194,7,5,1709,2,0,380,2522,2Story,Inside,Edwards,130000
195,5,7,864,1,0,352,7180,1Story,Inside,CollgCr,127000
196,6,6,1456,2,1,440,2280,2Story,FR2,NPkVill,148500
197,7,5,1726,2,0,786,9416,1Story,Inside,Somerst,311872
198,8,4,3112,2,0,795,25419,2Story,Corner,NAmes,235000
199,6,6,2229,1,0,0,5520,2.5Fin,Corner,OldTown,104000
200,8,5,1713,2,0,856,9591,1Story,Inside,NridgHt,274900
201,4,5,1121,2,0,440,8546,1Story,Corner,Edwards,140000
202,6,6,1279,2,0,473,10125,1Story,Inside,Mitchel,171500
203,6,6,1310,2,0,398,7000,1.5Fin,Corner,OldTown,112000
204,6,5,848,1,0,420,4438,1Story,Inside,CollgCr,149000
205,5,7,1284,1,1,240,3500,1.5Fin,Inside,OldTown,110000
206,7,5,1442,2,0,500,11851,1Story,Corner,Gilbert,180500
207,5,5,1696,1,1,349,13673,1Story,CulDSac,Sawyer,143900
208,4,5,1100,1,0,312,12493,1Story,Inside,NAmes,141000
209,7,5,2062,2,1,454,14364,2Story,Inside,SawyerW,277000
210,6,7,1092,1,0,504,8250,1Story,Inside,NAmes,145000
211,5,6,864,1,0,0,5604,1Story,Inside,Edwards,98000
212,6,5,1212,2,0,460,10420,1Story,Corner,Edwards,186000
213,7,5,1852,2,1,644,8640,2Story,Inside,Somerst,252678
214,5,5,990,1,0,576,13568,1Story,CulDSac,CollgCr,156000
215,6,7,1392,1,1,299,10900,2Story,FR2,CollgCr,161750
216,5,6,1236,1,0,447,10011,1Story,Inside,NAmes,134450
217,7,5,1436,2,0,484,8450,1Story,Inside,CollgCr,210000
218,4,4,1328,1,0,210,9906,2Story,Inside,OldTown,107000
219,7,9,1954,1,1,431,15660,1.5Fin,Corner,Crawfor,311500
220,7,5,1248,2,0,438,3010,1Story,Inside,Blmngtn,167240
221,7,5,1498,2,0,675,8990,1Story,Inside,CollgCr,204900
222,6,5,2267,2,1,390,8068,2Story,Inside,Gilbert,200000
223,6,6,1552,2,1,434,11475,2Story,Inside,NWAmes,179900
224,4,6,864,1,0,576,10500,1Story,FR2,NAmes,97000
225,10,5,2392,2,0,968,13472,1Story,Inside,NridgHt,386250
226,5,5,1302,2,1,280,1680,2Story,Inside,BrDale,112000
227,7,5,2520,2,1,721,9950,2Story,Inside,NoRidge,290000
228,6,6,987,1,1,280,1869,2Story,Inside,BrDale,106000
229,5,5,912,1,0,336,8521,1Story,FR2,Sawyer,125000
230,7,5,1555,2,0,430,3182,1Story,Inside,Blmngtn,192500
231,6,6,1194,1,0,312,8760,1Story,Inside,NAmes,148000
232,8,5,2794,2,1,810,15138,2Story,Inside,NoRidge,403000
233,6,5,987,1,1,288,1680,2Story,Inside,BrDale,94500
234,5,6,894,1,0,308,10650,1Story,Corner,CollgCr,128200
235,6,5,1960,2,1,440,7851,2Story,Inside,Gilbert,216500
236,6,3,987,1,1,264,1680,2Story,Inside,BrDale,89500
237,7,5,1414,2,0,494,8773,1Story,FR2,CollgCr,185500
238,7,7,1744,2,1,457,9453,2Story,CulDSac,SawyerW,194500
239,8,5,1694,2,0,818,12030,1Story,Inside,NridgHt,318000
240,6,4,1487,1,1,220,8741,1.5Fin,Inside,Edwards,113000
241,8,5,1566,2,0,750,9000,1Story,Inside,Somerst,262500
242,5,9,866,1,0,0,3880,1Story,Inside,OldTown,110500
243,5,4,1440,1,0,352,5000,1.5Fin,Corner,OldTown,79000
244,6,6,1217,1,1,288,10762,2Story,Corner,SawyerW,120000
245,7,5,2110,2,1,463,8880,2Story,Inside,SawyerW,205000
246,7,5,1872,2,0,604,10400,1Story,Inside,NWAmes,241500
247,6,8,1928,2,0,440,9142,2Story,Inside,OldTown,137000
248,6,5,1375,1,0,451,11310,1Story,Inside,NAmes,140000
249,7,5,1668,2,1,500,11317,2Story,Inside,CollgCr,180000
250,6,7,2144,2,0,389,159000,1.5Fin,CulDSac,ClearCr,277000
251,3,2,1306,1,0,0,5350,1Story,Inside,BrkSide,76500
252,8,5,1625,2,0,538,4750,1Story,Inside,Crawfor,235000
253,6,5,1640,2,1,520,8366,2Story,Inside,SawyerW,173000
254,6,7,1302,2,0,309,9350,SLvl,Inside,NAmes,158000
255,5,6,1314,1,0,294,8400,1Story,Inside,NAmes,145000
256,7,5,2291,2,1,429,8738,2Story,Inside,Gilbert,230000
257,6,5,1728,2,1,673,8791,2Story,Inside,Somerst,207500
258,7,5,1604,2,1,660,8814,1Story,Inside,CollgCr,220000
259,7,5,1792,2,1,564,12435,2Story,Inside,CollgCr,231500
260,5,5,882,1,0,308,12702,1Story,Inside,OldTown,97000
261,6,5,1382,1,0,884,19296,SLvl,Corner,NAmes,176000
262,8,5,2574,2,1,868,9588,2Story,Inside,CollgCr,276000
263,6,7,1212,1,0,492,8471,SLvl,Corner,Sawyer,151000
264,5,7,1316,1,0,484,5500,1.5Fin,Corner,OldTown,130000
265,5,5,764,1,0,504,5232,1Story,Inside,OldTown,73000
266,6,6,1422,2,0,576,12090,1Story,Inside,NWAmes,175500
267,6,5,1511,2,1,413,11207,2Story,FR2,Gilbert,185000
268,5,8,2192,2,1,240,8400,2.5Fin,Inside,SWISU,179500
269,5,6,778,1,0,924,6900,1Story,Inside,IDOTRR,120500
270,6,7,1113,1,1,504,7917,1Story,Corner,Edwards,148000
271,8,5,1939,2,1,1053,10728,2Story,Inside,Somerst,266000
272,7,7,1363,1,0,439,39104,1Story,CulDSac,ClearCr,241500
273,8,7,2270,2,1,671,11764,2Story,CulDSac,NoRidge,290000
274,6,6,1632,2,0,338,9600,1Story,Inside,NAmes,139000
275,5,7,816,1,0,264,8314,1Story,Corner,Mitchel,124500
276,7,7,1548,2,1,672,7264,1.5Fin,Inside,BrkSide,205000
277,7,5,1560,2,0,573,9196,1Story,Inside,Mitchel,201000
278,4,5,864,1,0,400,19138,1Story,Corner,Gilbert,141000
279,9,5,2121,2,1,732,14450,1Story,Inside,NridgHt,415298
280,7,5,2022,2,1,505,10005,2Story,Inside,ClearCr,192000
281,7,6,1982,2,1,575,11287,2Story,Inside,SawyerW,228500
282,6,5,1262,2,0,572,7200,1Story,Inside,Somerst,185000
283,7,5,1314,2,0,626,5063,1Story,Inside,NridgHt,207500
284,8,5,1468,2,0,898,9612,1Story,Inside,Somerst,244600
285,6,5,1575,2,0,529,8012,1Story,Inside,SawyerW,179200
286,7,5,1250,2,1,528,4251,2Story,Inside,Somerst,164700
287,6,7,1734,1,1,440,9786,1.5Fin,Inside,NAmes,159000
288,4,4,858,1,0,0,8125,1Story,Corner,NAmes,88000
289,5,5,900,1,0,280,9819,1Story,Inside,Sawyer,122000
290,6,7,1396,1,0,384,8730,2Story,Inside,BrkSide,153575
291,8,5,1919,2,1,685,15611,2Story,Inside,CollgCr,233230
292,5,6,1716,2,0,0,5687,2Story,Inside,SWISU,135900
293,5,4,1716,1,1,281,11409,1.5Fin,Inside,Edwards,131000
294,7,7,2263,2,1,539,16659,2Story,Corner,NWAmes,235000
295,6,5,1644,1,0,418,9600,1Story,Inside,NAmes,167000
296,6,6,1003,1,0,588,7937,SLvl,CulDSac,Mitchel,142500
297,5,5,1558,1,1,282,13710,1.5Fin,Inside,IDOTRR,152000
298,7,5,1950,2,1,576,7399,2Story,Inside,Somerst,239000
299,6,6,1743,1,2,539,11700,2Story,Inside,NWAmes,175000
300,6,8,1152,1,0,300,14000,1Story,Inside,Crawfor,158500
301,5,5,1336,1,0,375,15750,1Story,Corner,Crawfor,157000
302,8,5,2452,2,1,683,16226,2Story,Inside,CollgCr,267000
303,7,5,1541,2,0,843,13704,1Story,Corner,CollgCr,205000
304,5,7,894,1,0,552,9800,1Story,Corner,CollgCr,149900
305,7,9,3493,3,0,870,18386,2.5Fin,Inside,OldTown,295000
306,8,5,2000,2,0,888,10386,1Story,Inside,CollgCr,305900
307,7,5,2243,2,1,746,13474,2Story,Inside,SawyerW,225000
308,6,7,1406,1,0,0,7920,1.5Fin,Inside,IDOTRR,89500
309,4,5,861,1,0,539,12342,1Story,Inside,Edwards,82500
310,9,5,1944,2,0,708,12378,1Story,Inside,NridgHt,360000
311,6,5,1501,2,1,420,7685,2Story,Inside,Gilbert,165600
312,6,6,972,1,0,240,8000,1Story,Inside,NAmes,132000
313,5,7,1118,1,0,410,7800,1.5Fin,Inside,OldTown,119900
314,7,5,2036,2,0,513,215245,1Story,Inside,Timber,375000
315,7,7,1641,1,1,546,9600,2Story,Inside,OldTown,178000
316,7,5,1432,2,1,432,7795,2Story,Inside,Gilbert,188500
317,7,7,2353,2,1,484,13005,2Story,Corner,NWAmes,260000
318,8,5,1959,2,1,1025,9000,2Story,Inside,Somerst,270000
319,7,5,2646,2,1,656,9900,2Story,Inside,NoRidge,260000
320,7,5,1472,2,0,588,14115,SLvl,Inside,NWAmes,187500
321,9,5,2596,3,1,840,16259,2Story,Corner,NridgHt,342643
322,8,5,2468,2,1,872,12099,2Story,Inside,NridgHt,354000
323,7,5,2730,2,1,576,10380,2Story,Inside,SawyerW,301000
324,3,8,1163,1,0,220,5820,1Story,Inside,OldTown,126175
325,7,7,2978,2,1,564,11275,SLvl,Corner,NAmes,242000
326,5,6,803,1,0,360,5000,1.5Unf,Inside,IDOTRR,87000
327,8,5,1719,1,1,473,10846,1Story,CulDSac,Veenker,324000
328,6,5,1383,1,1,292,11600,1Story,Inside,NAmes,145250
329,6,6,2134,2,0,441,11888,2.5Unf,Inside,BrkSide,214500
330,5,5,1192,1,0,189,6402,2Story,Corner,IDOTRR,78000
331,5,4,1728,2,0,352,10624,1Story,Inside,NAmes,119000
332,5,6,1056,1,0,308,8176,1Story,Inside,NAmes,139000
333,8,5,1629,2,0,880,10655,1Story,Inside,NridgHt,284000
334,7,5,1358,2,0,484,8198,1Story,FR3,NridgHt,207000
335,6,5,1638,2,1,472,9042,2Story,Inside,Gilbert,192000
336,5,6,1786,2,0,529,164660,1.5Fin,Corner,Timber,228950
337,9,5,1922,2,0,676,14157,1Story,Corner,StoneBr,377426
338,7,5,1536,2,0,532,9135,1Story,Inside,CollgCr,214000
339,7,7,1621,2,0,440,14145,1Story,Corner,NWAmes,202500
340,6,7,1215,1,0,297,12400,1Story,Inside,NAmes,155000
341,8,5,1908,2,1,431,14191,2Story,Inside,Timber,202900
342,4,4,841,1,0,294,8400,1Story,Inside,SawyerW,82000
343,3,4,1040,2,0,400,8544,1Story,Inside,NAmes,87500
344,9,5,1684,2,0,564,8849,1Story,Inside,NridgHt,266000
345,5,3,1112,1,1,336,2592,2Story,Inside,MeadowV,85000
346,6,5,1577,1,0,312,6435,1.5Fin,Inside,BrkSide,140200
347,6,8,958,1,0,301,12772,1Story,CulDSac,NAmes,151500
348,6,5,1478,2,0,498,17600,1Story,Inside,NAmes,157500
349,7,5,1626,2,1,474,2448,2Story,Inside,NridgHt,154000
350,9,5,2728,2,1,706,20431,2Story,Inside,NridgHt,437154
351,9,5,1869,2,0,617,7820,1Story,Inside,NridgHt,318061
352,7,5,1453,1,1,445,5271,1Story,Inside,ClearCr,190000
353,5,6,1111,1,0,200,9084,1.5Fin,Inside,Edwards,95000
354,6,8,720,1,0,484,8520,1Story,Inside,OldTown,105900
355,6,5,1595,1,0,240,8400,1.5Fin,Inside,SWISU,140000
356,6,5,1200,2,0,521,11249,1Story,Inside,CollgCr,177500
357,6,6,1167,2,0,400,9248,1Story,Inside,Gilbert,173000
358,5,5,1142,1,1,528,4224,1Story,Inside,MeadowV,134000
359,5,4,1352,1,0,288,6930,SLvl,Inside,ClearCr,130000
360,8,5,1924,2,1,592,12011,2Story,CulDSac,NoRidge,280000
361,6,6,912,1,0,470,7540,SFoyer,CulDSac,Mitchel,156000
362,5,5,1505,1,0,240,9144,1.5Fin,Inside,BrkSide,145000
363,7,5,1922,3,0,672,7301,SFoyer,Corner,Edwards,198500
364,6,8,987,1,1,264,1680,2Story,Inside,BrDale,118000
365,6,5,1574,2,1,566,18800,2Story,FR2,NWAmes,190000
366,5,7,1344,1,0,468,10690,2Story,Inside,IDOTRR,147000
367,6,5,1394,1,1,514,9500,1Story,Inside,NAmes,159000
368,6,5,1431,1,0,296,9150,SLvl,Corner,NAmes,165000
369,5,6,1268,1,0,244,7800,1Story,Inside,NAmes,132000
370,5,7,1287,1,0,576,9830,1Story,Corner,NAmes,162000
371,6,5,1664,2,1,460,8121,2Story,Inside,Gilbert,172400
372,4,4,1588,2,0,680,17120,1.5Fin,Inside,ClearCr,134432
373,6,5,752,1,0,264,7175,1Story,Inside,SawyerW,125000
374,5,6,1319,1,0,270,10634,1Story,Inside,NAmes,123000
375,7,5,1928,2,1,434,8200,2Story,Inside,CollgCr,219500
376,1,1,904,0,1,0,10020,1Story,Inside,Edwards,61000
377,5,5,914,1,0,576,8846,SFoyer,CulDSac,CollgCr,148000
378,8,5,2466,3,0,610,11143,2Story,Corner,Somerst,340000
379,9,2,1856,1,1,834,11394,1Story,Corner,StoneBr,394432
380,6,5,1800,2,1,463,8123,2Story,Inside,Gilbert,179000
381,5,6,1691,2,0,308,5000,1.5Fin,Inside,SWISU,127000
382,7,5,1301,2,0,572,7200,1Story,Inside,Somerst,187750
383,7,5,1797,2,1,639,9245,2Story,Inside,CollgCr,213500
384,6,3,784,1,0,360,9000,1.5Unf,Corner,SawyerW,76000
385,6,5,1953,2,1,501,53107,2Story,Corner,ClearCr,240000
386,8,5,1269,2,0,430,3182,1Story,Inside,Blmngtn,192000
387,5,3,1184,1,0,0,8410,1.5Fin,FR2,Edwards,81000
388,6,6,1125,1,0,352,7200,SLvl,Inside,Edwards,125000
389,7,5,1479,2,0,577,9382,1Story,CulDSac,CollgCr,191000
390,10,5,2332,2,1,846,12474,2Story,Inside,NridgHt,426000
391,5,8,1367,1,0,384,8405,1.5Fin,Inside,Edwards,119000
392,6,5,1961,2,1,560,12209,2Story,CulDSac,Mitchel,215000
393,5,7,882,1,0,294,8339,1Story,Inside,NAmes,106500
394,4,5,788,1,0,0,7446,1Story,Corner,BrkSide,100000
395,5,6,1034,1,0,240,10134,1.5Fin,Inside,OldTown,109000
396,5,6,1144,1,0,596,9571,1Story,Inside,Edwards,129000
397,5,5,894,1,0,600,7200,1Story,Inside,CollgCr,123000
398,5,5,1812,2,0,264,7590,2Story,Inside,NAmes,169500
399,5,2,1077,1,0,338,8967,1Story,Corner,IDOTRR,67000
400,7,5,1550,2,0,438,8125,2Story,Inside,Somerst,241000
401,8,5,1288,1,1,500,14963,1Story,Inside,Veenker,245500
402,7,5,1310,2,0,400,8767,1Story,Inside,CollgCr,164990
403,5,8,672,1,0,240,10200,1Story,Inside,Sawyer,108000
404,8,5,2263,2,1,420,12090,2Story,Corner,NoRidge,258000
405,6,5,1572,2,1,373,10364,2Story,Inside,Gilbert,168000
406,4,4,1620,2,0,490,9991,1Story,Corner,Sawyer,150000
407,6,5,1639,1,0,240,10480,1.5Fin,Inside,SWISU,115000
408,6,7,1680,2,0,308,15576,2Story,Inside,Crawfor,177000
409,7,5,2172,2,1,947,14154,2Story,Corner,NridgHt,280000
410,8,5,2078,2,1,836,10800,2Story,Inside,Somerst,339750
411,5,3,1276,1,0,350,9571,1Story,Inside,Edwards,60000
412,5,5,1056,1,0,572,34650,1Story,Inside,Gilbert,145000
413,7,5,1478,2,1,484,4403,1Story,Inside,Somerst,222000
414,5,6,1028,1,0,360,8960,1Story,Inside,OldTown,115000
415,7,5,2097,2,1,678,11228,2Story,CulDSac,SawyerW,228000
416,7,5,1340,2,0,396,8899,1Story,Inside,Gilbert,181134
417,6,7,1400,1,1,440,7844,2Story,Inside,Sawyer,149500
418,6,6,2624,2,1,864,22420,2Story,Inside,Crawfor,239000
419,5,6,1134,1,1,240,8160,1.5Fin,Inside,Edwards,126000
420,5,6,1056,1,0,304,8450,1Story,Inside,NAmes,142000
421,7,5,1344,2,0,784,7060,SFoyer,Inside,Mitchel,206300
422,6,7,1602,2,0,529,16635,1Story,FR2,NWAmes,215000
423,5,5,988,1,0,520,21750,1Story,Inside,Mitchel,113000
424,8,5,2630,2,1,696,9200,2Story,Inside,NoRidge,315000
425,6,5,1196,1,0,297,9000,1Story,Inside,NAmes,139000
426,7,8,1389,1,1,240,3378,2Story,Inside,OldTown,135000
427,7,5,1644,2,0,569,12800,SLvl,Inside,SawyerW,275000
428,4,6,907,1,0,352,8593,1Story,Inside,NAmes,109008
429,7,5,1208,2,0,628,6762,1Story,Inside,CollgCr,195400
430,6,5,1412,2,0,576,11457,1Story,Corner,Timber,175000
431,6,5,987,1,1,264,1680,2Story,Inside,BrDale,85400
432,6,7,1198,1,0,0,5586,1.5Fin,Inside,OldTown,79900
433,5,5,1365,1,1,440,1920,2Story,Inside,BrDale,122500
434,6,5,1604,2,1,470,10839,2Story,Corner,Gilbert,181000
435,4,7,630,1,0,0,1890,SFoyer,Inside,MeadowV,81000
436,7,6,1661,2,1,550,10667,2Story,CulDSac,CollgCr,212000
437,6,8,1118,1,0,440,4400,1.5Fin,Inside,OldTown,116000
438,6,7,904,1,0,180,6000,1.5Unf,Inside,BrkSide,119000
439,5,6,694,1,0,352,4280,1Story,Inside,Crawfor,90350
440,6,8,1196,1,0,528,12354,1.5Fin,Corner,Edwards,110000
441,10,5,2402,2,0,672,15431,1Story,Inside,NridgHt,555000
442,4,4,1440,2,0,0,12108,1Story,Inside,Edwards,118000
443,5,7,1573,2,0,360,6240,1.5Fin,Inside,BrkSide,162900
444,7,5,1258,2,0,648,3922,1Story,Inside,Blmngtn,172500
445,7,5,1908,2,1,493,8750,2Story,Inside,CollgCr,210000
446,6,5,1689,1,0,480,9855,1Story,Corner,Edwards,127500
447,6,6,1888,2,1,578,16492,1Story,Corner,NAmes,190000
448,7,5,1886,2,1,431,11214,2Story,Corner,Gilbert,199900
449,6,6,1376,2,0,198,8600,1.5Fin,Inside,IDOTRR,119500
450,3,7,1183,1,1,308,6000,1.5Fin,Inside,OldTown,120000
451,6,8,813,1,0,270,5684,1Story,Inside,OldTown,110000
452,7,5,1533,2,0,576,70761,1Story,Inside,ClearCr,280000
453,6,5,1756,2,1,422,9303,2Story,Corner,Timber,204000
454,8,5,1590,2,1,676,9000,2Story,Inside,Somerst,210000
455,5,5,1728,2,0,560,9297,1Story,Inside,Mitchel,188000
456,7,6,1242,1,1,528,9600,1Story,Inside,NWAmes,175500
457,5,5,1344,1,0,513,4571,2Story,Inside,OldTown,98000
458,4,6,1663,1,0,529,53227,1Story,CulDSac,ClearCr,256000
459,8,7,1666,1,0,228,5100,2Story,Inside,OldTown,161000
460,5,4,1203,1,0,352,7015,1.5Fin,Corner,BrkSide,110000
461,8,5,1935,2,1,552,8004,2Story,Inside,Somerst,263435
462,7,9,1135,1,0,576,7200,2Story,Inside,SWISU,155000
463,5,5,864,1,0,360,8281,1Story,Inside,Sawyer,62383
464,6,7,1660,1,1,240,11988,2Story,Inside,Crawfor,188700
465,5,5,1040,2,0,0,8430,1Story,Inside,CollgCr,124000
466,7,5,1414,2,0,398,3072,1Story,Inside,Blmngtn,178740
467,7,5,1277,1,0,526,10628,1Story,Inside,NAmes,167000
468,5,7,1644,1,1,312,9480,2Story,Inside,NAmes,146500
469,8,5,1634,2,0,866,11428,1Story,Inside,NridgHt,250000
470,6,5,1710,2,1,506,9291,2Story,Corner,SawyerW,187000
471,8,5,1502,1,1,528,6820,1Story,Corner,StoneBr,212000
472,7,6,1969,2,1,534,11952,2Story,Inside,NWAmes,190000
473,6,5,1072,1,0,525,3675,SLvl,Inside,Edwards,148000
474,8,5,1976,2,0,908,14977,1Story,Inside,NridgHt,440000
475,8,5,1652,2,0,499,5330,1Story,Inside,StoneBr,251000
476,5,6,970,1,0,624,8480,1Story,Corner,Sawyer,132500
477,6,5,1493,2,0,508,13125,1Story,Inside,CollgCr,208900
478,9,5,2643,2,1,694,13693,2Story,Inside,NridgHt,380000
479,8,5,1718,2,0,826,10637,1Story,Inside,CollgCr,297000
480,4,7,1131,1,0,672,5925,1Story,Inside,OldTown,89471
481,9,5,1850,2,0,772,16033,1Story,FR2,NridgHt,326000
482,9,5,1792,2,0,874,11846,1Story,Inside,NridgHt,374000
483,7,8,1826,1,1,164,2500,2Story,Corner,OldTown,155000
484,6,5,1216,2,0,402,4500,1Story,FR2,Mitchel,164000
485,5,7,999,1,0,264,7758,1Story,Corner,Sawyer,132500
486,5,7,1113,1,0,264,9600,1Story,Inside,NAmes,147000
487,5,7,1073,1,1,515,10289,1Story,Inside,NAmes,156000
488,5,6,1484,2,0,487,12243,1Story,Inside,NWAmes,175000
489,5,4,2414,2,0,520,10800,1.5Fin,Corner,OldTown,160000
490,4,8,630,1,0,286,1526,SFoyer,Inside,MeadowV,86000
491,5,6,1304,1,1,336,2665,2Story,Inside,MeadowV,115000
492,6,7,1578,1,0,240,9490,1.5Fin,Inside,NAmes,133000
493,6,5,1456,2,1,429,15578,2Story,Corner,Gilbert,172785
494,5,6,1269,1,1,308,7931,1Story,Inside,NAmes,155000
495,5,8,886,1,0,273,5784,1Story,Inside,OldTown,91300
496,4,5,720,1,0,0,7879,1Story,Inside,IDOTRR,34900
497,8,5,3228,3,0,546,12692,1Story,Inside,NoRidge,430000
498,7,6,1820,2,0,240,9120,1.5Fin,Inside,BrkSide,184000
499,5,7,899,1,0,288,7800,1Story,Inside,Sawyer,130000
500,5,7,912,1,0,297,7535,1Story,Inside,NAmes,120000
501,6,5,1218,1,1,264,1890,2Story,Inside,BrDale,113000
502,7,5,1768,2,1,603,9803,2Story,Inside,Somerst,226700
503,5,7,1214,1,0,461,9170,1Story,Corner,Edwards,140000
504,7,8,1801,2,0,484,15602,1Story,Inside,Crawfor,289000
505,6,5,1322,2,1,440,2308,2Story,Inside,NPkVill,147000
506,5,5,1960,2,0,400,7596,2Story,Inside,OldTown,124500
507,8,5,1911,2,1,471,9554,2Story,Inside,SawyerW,215000
508,6,5,1218,2,0,676,7862,1Story,Inside,Somerst,208300
509,7,9,1378,2,0,360,9600,2Story,Inside,OldTown,161000
510,5,6,1041,1,0,270,9600,1Story,Corner,NAmes,124500
511,5,7,1363,1,0,288,14559,1Story,Inside,NAmes,164900
512,7,5,1368,2,0,474,6792,1Story,Inside,NridgHt,202665
513,5,5,864,1,0,624,9100,1Story,Corner,NAmes,129900
514,6,5,1080,1,1,484,9187,1Story,Corner,Mitchel,134000
515,5,5,789,1,0,200,10594,1.5Unf,Inside,Crawfor,96500
516,10,5,2020,2,1,900,12220,1Story,Inside,NridgHt,402861
517,6,6,2119,2,1,583,10448,SLvl,Corner,NWAmes,158000
518,7,5,2344,2,1,889,10208,2Story,Inside,NoRidge,265000
519,6,5,1796,2,1,546,9531,2Story,CulDSac,CollgCr,211000
520,7,9,2080,1,1,282,10918,2Story,Inside,Crawfor,234000
521,4,7,1294,2,0,0,10800,2Story,Inside,OldTown,106250
522,6,6,1244,1,1,336,11988,1Story,Corner,NAmes,150000
523,6,7,1664,2,0,420,5000,1.5Fin,Corner,BrkSide,159000
524,10,5,4676,3,1,884,40094,2Story,Inside,Edwards,184750
525,7,5,2398,2,1,834,11787,2Story,Inside,NoRidge,315750
526,7,5,1266,2,0,453,7500,1Story,Inside,Somerst,176000
527,5,7,928,1,0,252,13300,1Story,Inside,NAmes,132000
528,9,5,2713,2,1,858,14948,2Story,Inside,NridgHt,446261
529,4,7,605,1,0,0,9098,1Story,Inside,Edwards,86000
530,6,3,2515,3,0,484,32668,1Story,CulDSac,Crawfor,200624
531,6,5,1509,2,0,600,10200,SLvl,Inside,Timber,175000
532,6,8,1362,2,0,502,6155,2Story,FR3,BrkSide,128000
533,5,7,827,1,0,392,7200,1Story,Inside,NAmes,107500
534,1,3,334,1,0,0,5000,1Story,Inside,BrkSide,39300
535,8,5,1414,2,1,403,9056,2Story,Inside,Gilbert,178000
536,5,7,1347,1,0,0,7000,2Story,Inside,Edwards,107500
537,7,5,1724,2,1,527,8924,2Story,CulDSac,CollgCr,188000
538,4,5,864,1,0,576,12735,1Story,FR2,NAmes,111250
539,5,5,1159,1,1,336,11553,1Story,Inside,Sawyer,158000
540,8,5,1601,2,0,670,11423,1Story,Inside,CollgCr,272000
541,9,5,1838,2,0,765,14601,1Story,Inside,Timber,315000
542,8,5,2285,2,1,648,11000,2Story,FR2,NoRidge,248000
543,7,5,1680,2,0,583,10140,1Story,Inside,NWAmes,213250
544,7,5,767,1,0,367,4058,SFoyer,Inside,NAmes,133000
545,7,5,1496,2,1,426,17104,2Story,Inside,Gilbert,179665
546,7,5,2183,2,1,786,13837,1.5Fin,Corner,NWAmes,229000
547,6,7,1635,1,1,440,8737,1.5Fin,Inside,BrkSide,210000
548,5,7,768,1,0,624,7244,SFoyer,Inside,Mitchel,129500
549,5,7,825,1,0,720,8235,1Story,Inside,OldTown,125000
550,7,5,2094,2,1,615,9375,2Story,Inside,Somerst,263000
551,6,6,1069,2,0,440,4043,1Story,Inside,NPkVill,140000
552,5,6,928,1,0,288,6000,1Story,Inside,OldTown,112500
553,8,5,1717,2,0,908,11146,1Story,Inside,NridgHt,255500
554,4,5,1126,2,0,520,8777,1Story,Inside,Edwards,108000
555,7,5,2046,2,1,871,10625,2Story,Inside,NridgHt,284000
556,5,6,1048,1,0,280,6380,1.5Unf,Inside,BrkSide,113000
557,5,5,1092,1,0,299,14850,1Story,Inside,NAmes,141000
558,4,6,1336,1,1,570,11040,1.5Fin,Inside,IDOTRR,108000
559,7,5,1446,2,1,406,21872,2Story,FR2,Gilbert,175000
560,7,5,1557,2,0,420,3196,1Story,Inside,Blmngtn,234000
561,5,6,1392,1,1,528,11341,1Story,Inside,Sawyer,121500
562,5,5,1389,1,0,418,10010,1Story,Inside,Mitchel,170000
563,5,6,996,1,0,0,13907,1Story,Inside,Edwards,108000
564,6,7,1674,2,0,396,21780,1.5Fin,Inside,Edwards,185000
565,7,5,2295,2,1,590,13346,2Story,CulDSac,NoRidge,268000
566,6,4,1647,1,1,216,6858,2Story,Corner,SWISU,128000
567,9,5,2504,2,1,656,11198,2Story,Inside,StoneBr,325000
568,7,5,1535,2,0,532,10171,1Story,Inside,NridgHt,214000
569,8,8,2132,1,1,612,12327,1.5Fin,Inside,SawyerW,316600
570,5,5,943,1,0,600,7032,SFoyer,Corner,NAmes,135960
571,5,5,1728,2,0,576,13101,1Story,Inside,NAmes,142600
572,6,6,864,1,0,288,7332,1Story,Inside,NAmes,120000
573,7,5,1692,2,1,650,13159,2Story,Corner,Timber,224500
574,7,5,1430,2,1,400,9967,SLvl,Inside,Gilbert,170000
575,5,7,1109,1,0,288,10500,SLvl,FR2,NAmes,139000
576,5,5,1216,1,0,336,8480,1.5Fin,Inside,NAmes,118500
577,7,7,1477,2,0,216,6292,1.5Fin,Inside,SWISU,145000
578,5,6,1320,1,0,564,11777,SLvl,Inside,Sawyer,164500
579,7,5,1392,2,0,540,3604,2Story,Corner,Somerst,146000
580,5,5,1795,2,0,352,12150,1.5Fin,Inside,OldTown,131500
581,6,6,1429,1,0,572,14585,1Story,CulDSac,NAmes,181900
582,8,5,2042,2,1,1390,12704,1Story,Inside,NridgHt,253293
583,6,5,816,1,0,0,11841,SFoyer,Inside,Edwards,118500
584,10,9,2775,3,1,880,13500,2.5Unf,Inside,OldTown,325000
585,4,7,1573,1,0,240,6120,1.5Fin,Inside,BrkSide,133000
586,8,5,2028,2,0,880,11443,1Story,Inside,Timber,369900
587,6,7,838,1,0,275,10267,1Story,Inside,BrkSide,130000
588,5,6,860,1,0,528,8740,SFoyer,Inside,Sawyer,137000
589,5,8,1473,1,0,452,25095,1Story,Inside,ClearCr,143000
590,5,6,935,1,0,308,9100,1Story,Inside,BrkSide,79500
591,7,5,1582,2,1,520,8320,2Story,Inside,CollgCr,185900
592,10,5,2296,2,1,842,13478,2Story,Corner,NridgHt,451950
593,5,8,816,1,0,816,6600,1Story,Inside,Mitchel,138000
594,6,5,848,1,0,420,4435,1Story,Inside,CollgCr,140000
595,5,6,924,1,0,280,7990,1Story,Inside,CollgCr,110000
596,8,5,1826,2,0,758,11302,1Story,Inside,StoneBr,319000
597,6,7,1368,1,0,216,3600,2Story,Inside,OldTown,114504
598,7,5,1402,0,2,648,3922,1Story,Inside,Blmngtn,194201
599,5,6,1647,2,0,621,12984,1Story,Inside,Crawfor,217500
600,6,6,1556,2,1,452,1950,2Story,Inside,Blueste,151000
601,8,5,1904,2,1,736,10927,2Story,Inside,NridgHt,275000
602,6,6,1375,1,1,544,9000,1.5Fin,Inside,IDOTRR,141000
603,8,5,1915,2,1,506,10041,2Story,Inside,SawyerW,220000
604,7,5,1200,2,1,480,3182,2Story,Inside,Somerst,151000
605,7,5,1494,2,0,530,12803,1Story,Inside,CollgCr,221000
606,7,6,1986,2,1,486,13600,2Story,Inside,NAmes,205000
607,5,5,1040,1,0,576,12464,1Story,Corner,CollgCr,152000
608,5,8,2008,3,0,230,7800,2Story,Inside,Edwards,225000
609,8,6,3194,2,1,380,12168,2Story,Inside,Crawfor,359100
610,4,5,1029,1,0,261,7943,1Story,Inside,Sawyer,118500
611,9,5,2153,2,1,736,11050,2Story,Inside,CollgCr,313000
612,6,6,1032,2,0,564,10395,SLvl,FR2,NWAmes,148000
613,8,5,1872,2,1,531,11885,2Story,Inside,CollgCr,261500
614,5,5,1120,1,0,0,8402,1Story,Inside,Mitchel,147000
615,4,6,630,1,0,0,1491,SFoyer,Inside,MeadowV,75500
616,6,7,1054,1,0,480,8800,SFoyer,Inside,NAmes,137500
617,6,5,1509,2,1,393,7861,2Story,Inside,Gilbert,183200
618,6,6,832,1,0,528,7227,1.5Unf,Corner,NAmes,105500
619,9,5,1828,2,0,774,11694,1Story,Inside,NridgHt,314813
620,8,5,2262,2,1,749,12244,2Story,Inside,Timber,305000
621,3,3,864,1,0,0,8248,1Story,Inside,Edwards,67000
622,6,7,2614,2,1,624,10800,2Story,Inside,NWAmes,240000
623,5,6,980,1,0,484,7064,1Story,Inside,Sawyer,135000
624,6,5,1512,2,1,440,2117,2Story,Inside,Somerst,168500
625,6,5,1790,1,2,484,10400,2Story,Inside,NWAmes,165150
626,6,6,1116,1,1,440,10000,1Story,Corner,NAmes,160000
627,5,5,1422,1,0,286,12342,1Story,Inside,NAmes,139900
628,6,6,1520,1,0,364,9600,SLvl,Inside,NAmes,153000
629,5,5,2080,1,2,504,11606,2Story,Inside,NAmes,135000
630,6,5,1350,1,1,520,9020,SLvl,Corner,NAmes,168500
631,5,6,1750,1,0,240,9000,2Story,Corner,OldTown,124000
632,8,5,1554,2,0,627,4590,1Story,Inside,NridgHt,209500
633,7,5,1411,2,0,544,11900,1Story,Inside,NWAmes,82500
634,5,7,1056,1,0,260,9250,1Story,Corner,NAmes,139400
635,6,5,1056,0,0,576,6979,SFoyer,Inside,OldTown,144000
636,6,7,3395,2,0,0,10896,2.5Fin,Inside,SWISU,200000
637,2,3,800,1,0,0,6120,1Story,Inside,BrkSide,60000
638,5,4,1387,2,0,256,6000,1.5Fin,Inside,OldTown,93000
639,5,7,796,1,0,0,8777,1Story,Inside,Edwards,85000
640,8,5,1567,2,0,648,3982,1Story,Inside,Blmngtn,264561
641,8,5,1518,1,1,588,12677,1Story,Inside,NridgHt,274000
642,7,5,1929,2,1,650,7050,2Story,Inside,Somerst,226000
643,8,7,2704,2,1,538,13860,SLvl,Inside,NAmes,345000
644,5,5,1620,2,1,462,10793,2Story,Inside,NWAmes,152000
645,9,5,1766,2,1,478,9187,1Story,Inside,Somerst,370878
646,6,5,981,1,1,576,10530,1Story,Corner,NAmes,143250
647,5,5,1048,1,0,420,7200,1Story,Inside,NAmes,98300
648,6,5,1094,1,0,495,10452,1Story,Inside,Edwards,155000
649,6,5,1839,1,1,442,7700,2Story,Inside,NAmes,155000
650,4,6,630,1,0,0,1936,SFoyer,Inside,MeadowV,84500
651,7,6,1665,2,1,562,8125,2Story,Inside,Somerst,205950
652,4,5,1510,1,0,296,9084,2Story,Inside,Edwards,108000
653,7,5,1716,2,1,512,8750,2Story,Inside,CollgCr,191000
654,6,7,1469,1,0,216,10320,1.5Fin,Inside,IDOTRR,135000
655,8,6,2113,2,1,839,10437,1Story,Inside,NoRidge,350000
656,6,5,1092,1,1,264,1680,2Story,Inside,BrDale,88000
657,5,7,1053,1,1,312,10007,1Story,Inside,NAmes,145500
658,7,6,1502,1,1,270,7200,2Story,Inside,Crawfor,149000
659,6,5,1458,1,0,330,17503,1.5Fin,Inside,NAmes,97500
660,5,7,1486,1,0,480,9937,1Story,Corner,Edwards,167000
661,7,7,1935,2,1,550,12384,2Story,CulDSac,NWAmes,197900
662,8,7,2448,2,1,711,46589,2Story,CulDSac,NoRidge,402000
663,6,3,1392,1,0,576,13560,1Story,Corner,NAmes,110000
664,4,5,1181,2,0,588,10012,SFoyer,Inside,Edwards,137500
665,8,5,2097,1,1,1134,20896,1Story,CulDSac,Somerst,423000
666,8,5,1936,2,1,504,11194,2Story,Corner,Gilbert,230500
667,6,5,2380,2,1,596,18450,2Story,Inside,NAmes,129000
668,6,5,1679,2,0,575,8125,1Story,Inside,SawyerW,193500
669,5,6,1437,1,1,576,14175,1Story,Corner,Sawyer,168000
670,4,5,1180,1,0,252,11600,1Story,Inside,Crawfor,137500
671,6,5,1476,2,1,540,8633,2Story,FR2,CollgCr,173500
672,6,6,1369,2,0,300,6629,2Story,Inside,Edwards,103600
673,6,6,1208,1,1,546,11250,1Story,Inside,Veenker,165000
674,6,7,1839,2,0,416,14442,1Story,Inside,Crawfor,257500
675,6,6,1136,1,0,384,9200,1Story,Inside,NAmes,140000
676,6,6,1441,2,1,440,2289,2Story,Inside,NPkVill,148500
677,4,2,1774,2,0,779,9600,2Story,Inside,OldTown,87000
678,5,8,792,1,0,240,9022,1Story,Inside,OldTown,109500
679,8,5,2046,2,1,834,11844,1Story,Inside,StoneBr,372500
680,5,5,988,1,0,572,9945,1Story,Inside,Sawyer,128500
681,6,5,923,2,0,264,8012,1Story,Inside,SawyerW,143000
682,5,5,1520,1,0,281,4500,1.5Fin,Inside,SWISU,159434
683,6,5,1291,1,0,431,2887,1Story,Inside,ClearCr,173000
684,9,5,1668,2,0,702,11248,1Story,Corner,CollgCr,285000
685,7,5,1839,2,1,486,16770,2Story,CulDSac,NoRidge,221000
686,7,5,2090,2,0,577,5062,2Story,CulDSac,StoneBr,207500
687,7,6,1761,3,0,578,10207,2Story,Inside,Somerst,227875
688,7,5,1102,2,1,480,5105,2Story,FR2,Somerst,148800
689,8,6,1419,2,0,567,8089,1Story,Inside,StoneBr,392000
690,6,5,1362,2,0,460,7577,1Story,Corner,NridgHt,194700
691,6,5,848,1,0,420,4426,1Story,Inside,CollgCr,141000
692,10,6,4316,3,1,832,21535,2Story,Corner,NoRidge,755000
693,7,5,2519,2,1,628,26178,2Story,Inside,Timber,335000
694,5,6,1073,1,0,326,5400,1Story,Corner,OldTown,108480
695,5,6,1539,1,1,576,6120,1.5Fin,Corner,BrkSide,141500
696,6,6,1137,2,0,551,13811,1Story,Inside,Timber,176000
697,5,7,616,1,0,205,6000,1Story,Inside,BrkSide,89000
698,5,7,1148,1,0,308,6420,1Story,Inside,Edwards,123500
699,5,8,894,1,0,336,8450,1Story,Inside,Sawyer,138500
700,7,5,1391,2,0,530,4282,1Story,Inside,Somerst,196000
701,8,5,1800,2,0,765,14331,1Story,Inside,Timber,312500
702,7,5,1164,1,1,528,9600,1Story,Inside,NWAmes,140000
703,8,5,2576,2,1,666,12438,2Story,Inside,StoneBr,361919
704,5,9,1812,2,0,672,7630,2Story,Inside,OldTown,140000
705,7,5,1484,2,0,606,8400,1Story,Inside,CollgCr,213000
706,4,5,1092,2,0,0,5600,2Story,Inside,IDOTRR,55000
707,7,5,1824,2,0,739,115149,1Story,CulDSac,ClearCr,302000
708,8,5,1324,2,0,550,6240,1Story,Inside,NridgHt,254000
709,7,5,1456,2,1,400,9018,2Story,Inside,Gilbert,179540
710,5,7,904,1,0,408,7162,1Story,Inside,Sawyer,109900
711,3,6,729,1,0,0,4130,1Story,Inside,BrkSide,52000
712,4,7,1178,1,0,384,8712,1.5Fin,Inside,IDOTRR,102776
713,8,5,1228,2,0,472,4671,1Story,Inside,StoneBr,189000
714,4,5,960,1,0,576,9873,1Story,Inside,BrkSide,129000
715,6,8,1479,2,1,475,13517,2Story,CulDSac,Sawyer,130500
716,6,5,1350,2,0,478,10140,1Story,Inside,NWAmes,165000
717,7,8,2554,1,1,704,10800,2Story,Inside,OldTown,159500
718,5,6,1178,1,1,439,10000,1Story,Inside,NWAmes,157000
719,7,5,2418,2,1,983,10542,2Story,Inside,NoRidge,341000
720,5,6,971,1,1,300,9920,1Story,Inside,CollgCr,128500
721,8,5,1742,2,0,564,6563,1Story,CulDSac,StoneBr,275000
722,6,5,848,1,0,420,4426,1Story,Inside,CollgCr,143000
723,4,7,864,1,0,463,8120,1Story,Inside,NAmes,124500
724,4,6,1470,2,0,548,8172,1.5Fin,Inside,Edwards,135000
725,9,5,1698,2,0,768,13286,1Story,Inside,Edwards,320000
726,4,6,864,1,0,660,6960,1Story,Inside,NAmes,120500
727,6,9,1680,2,0,540,21695,1Story,Corner,Crawfor,222000
728,7,5,1232,2,0,632,7314,1Story,Inside,CollgCr,194500
729,5,5,1776,2,0,888,11475,1Story,Corner,NAmes,110000
730,4,5,1208,1,0,539,6240,1.5Fin,Inside,IDOTRR,103000
731,8,5,1616,2,0,608,5389,1Story,Inside,StoneBr,236500
732,7,5,1146,2,0,438,9590,SLvl,Corner,Timber,187500
733,7,5,2031,2,1,541,11404,2Story,Inside,CollgCr,222500
734,5,6,1144,1,0,264,10000,1Story,Corner,Sawyer,131400
735,5,5,948,1,0,300,8978,1Story,Corner,Sawyer,108000
736,7,7,1768,1,1,320,10800,2.5Unf,Inside,OldTown,163000
737,3,4,1040,2,0,400,8544,1Story,Inside,NAmes,93500
738,8,5,1801,2,1,800,10463,2Story,CulDSac,Gilbert,239900
739,5,5,1200,3,0,0,10800,1Story,Inside,Edwards,179000
740,7,5,1728,2,1,572,9313,2Story,Inside,CollgCr,190000
741,5,7,1432,2,0,360,9600,2Story,Inside,OldTown,132000
742,6,8,912,1,0,288,6768,1Story,Inside,Sawyer,142000
743,7,5,1349,2,0,539,8450,1Story,Inside,SawyerW,179000
744,5,6,1464,2,0,480,12886,SLvl,Inside,Sawyer,175000
745,8,5,1337,2,0,462,5395,1Story,Inside,StoneBr,180000
746,8,9,2715,3,1,831,8963,2Story,Inside,NWAmes,299800
747,7,5,2256,2,1,554,8795,2Story,Inside,Gilbert,236000
748,7,7,2640,1,1,864,11700,2Story,Corner,OldTown,265979
749,7,5,1720,2,0,527,10593,1Story,Inside,NoRidge,260400
750,4,3,1529,2,0,240,8405,1.5Fin,Inside,Edwards,98000
751,4,7,1140,1,0,0,8800,1.5Fin,Corner,OldTown,96500
752,7,5,1320,2,1,400,7750,2Story,Inside,Gilbert,162000
753,6,5,1494,2,0,576,9236,1Story,Inside,CollgCr,217000
754,8,5,2098,2,1,878,10240,2Story,Inside,NridgHt,275500
755,6,8,1026,1,0,440,7930,1Story,Inside,NAmes,156000
756,6,5,1471,2,1,440,3230,2Story,Inside,Somerst,172500
757,8,5,1768,2,1,578,10769,2Story,Inside,CollgCr,212000
758,6,5,1386,2,1,440,11616,2Story,CulDSac,Sawyer,158900
759,7,5,1501,2,1,440,2280,2Story,Inside,Somerst,179400
760,8,5,2531,2,1,752,12257,2Story,Inside,NoRidge,290000
761,6,6,864,1,0,300,9100,1Story,Inside,NAmes,127500
762,5,5,1301,1,0,440,6911,1Story,FR2,BrkSide,100000
763,7,5,1547,2,1,614,8640,2Story,Inside,Somerst,215200
764,8,5,2365,2,1,856,9430,2Story,Inside,NoRidge,337000
765,8,5,1494,1,1,481,9549,1Story,CulDSac,Veenker,270000
766,9,5,1506,2,0,592,14587,1Story,Inside,Somerst,264132
767,7,5,1714,2,1,496,10421,2Story,Inside,NWAmes,196500
768,6,7,1750,2,0,423,12508,1.5Fin,Inside,Mitchel,160000
769,7,5,1836,2,0,484,9100,1Story,Inside,CollgCr,216837
770,8,5,3279,3,1,841,53504,2Story,CulDSac,StoneBr,538000
771,5,5,858,1,0,576,7252,SFoyer,CulDSac,Sawyer,134900
772,4,5,1220,1,0,396,8877,1Story,Inside,Edwards,102000
773,6,5,1117,1,0,672,7819,SLvl,Inside,Edwards,107000
774,5,5,912,1,0,275,10150,1Story,Inside,NAmes,114500
775,8,5,1973,2,0,895,14226,1Story,Corner,NridgHt,395000
776,6,5,1204,2,0,412,4500,1Story,FR2,Mitchel,162000
777,7,5,1614,2,0,865,11210,1Story,Inside,CollgCr,221500
778,5,5,894,1,0,440,13350,1Story,Inside,Sawyer,142500
779,5,5,2020,2,0,630,8400,1Story,Inside,SawyerW,144000
780,6,5,1004,1,0,504,10530,SFoyer,Inside,Mitchel,135000
781,7,5,1253,2,0,402,7875,1Story,Inside,Gilbert,176000
782,6,5,1603,2,1,484,7153,2Story,Inside,SawyerW,175900
783,7,5,1430,2,0,605,16285,1Story,Inside,CollgCr,187100
784,5,6,1110,1,0,602,9101,SFoyer,Corner,Mitchel,165500
785,6,6,1484,2,0,0,6300,2.5Unf,Inside,OldTown,128000
786,6,5,1342,2,0,457,9790,1Story,Inside,NWAmes,161500
787,5,6,1652,2,0,416,10800,1.5Fin,Inside,OldTown,139000
788,7,5,2084,2,1,618,10142,2Story,Inside,SawyerW,233000
789,4,7,901,1,0,281,6000,1Story,Corner,OldTown,107900
790,6,8,2087,2,1,444,12205,2Story,Inside,ClearCr,187500
791,7,5,1145,2,0,397,3182,1Story,Inside,Blmngtn,160200
792,6,5,1062,1,0,539,11333,SLvl,Corner,Mitchel,146800
793,7,5,2013,2,1,455,9920,2Story,CulDSac,NoRidge,269790
794,8,5,1496,2,0,474,9158,1Story,Inside,Somerst,225000
795,7,5,1895,2,1,409,10832,2Story,Corner,Gilbert,194500
796,6,6,1564,2,1,476,8400,2Story,Inside,SawyerW,171000
797,6,5,1285,1,1,528,8197,1Story,Inside,Sawyer,143500
798,5,5,773,1,0,240,7677,1Story,Inside,NAmes,110000
799,9,5,3140,3,1,820,13518,2Story,Inside,NridgHt,485000
800,5,7,1768,1,1,240,7200,1.5Fin,Corner,SWISU,175000
801,6,5,1688,2,1,603,12798,2Story,Inside,ClearCr,200000
802,4,7,1196,1,0,440,4800,1Story,Inside,IDOTRR,109900
803,7,5,1456,2,1,410,8199,2Story,Inside,CollgCr,189000
804,9,5,2822,3,1,1020,13891,2Story,Inside,NridgHt,582933
805,5,5,1128,1,0,286,9000,1Story,Inside,NAmes,118000
806,7,5,1428,2,0,554,12274,1Story,FR2,Somerst,227680
807,5,5,980,2,0,384,9750,SLvl,Inside,NAmes,135500
808,5,6,1576,1,1,528,21384,2Story,Inside,BrkSide,223500
809,5,5,1086,1,0,484,13400,SLvl,Inside,NAmes,159950
810,5,5,2138,2,0,360,8100,2.5Unf,Corner,OldTown,106000
811,6,6,1309,1,1,484,10140,1Story,Inside,NWAmes,181000
812,6,5,848,1,0,420,4438,1Story,Inside,CollgCr,144500
813,5,5,1044,1,0,504,8712,1Story,Inside,IDOTRR,55993
814,6,6,1442,1,1,301,9750,1Story,Inside,NAmes,157900
815,5,7,1250,1,1,280,8248,1.5Fin,Inside,Edwards,116000
816,7,5,1661,2,0,598,12137,1Story,CulDSac,CollgCr,224900
817,5,6,1008,1,0,275,11425,1Story,Corner,NAmes,137000
818,8,5,1689,2,0,857,13265,1Story,CulDSac,Mitchel,271000
819,6,7,1052,1,0,440,8816,SLvl,Inside,ClearCr,155000
820,7,5,1358,2,0,484,6371,1Story,Inside,NridgHt,224000
821,7,5,1640,2,1,595,7226,2Story,CulDSac,CollgCr,183000
822,4,4,936,1,0,576,6000,1Story,Inside,OldTown,93000
823,7,5,1733,2,1,433,12394,2Story,Corner,Gilbert,225000
824,6,7,1489,2,0,240,9900,1.5Fin,Inside,SWISU,139500
825,8,5,1489,2,0,776,11216,1Story,Inside,Somerst,232600
826,10,5,2084,2,0,1220,14803,1Story,Inside,NridgHt,385000
827,5,6,784,1,0,0,6130,1.5Unf,Inside,BrkSide,109500
828,7,5,1434,2,0,527,8529,1Story,Inside,SawyerW,189000
829,5,5,2126,2,1,538,28698,2Story,CulDSac,ClearCr,185000
830,7,5,1223,2,1,480,2544,2Story,Inside,Somerst,147400
831,6,5,1392,1,1,458,11900,1Story,Corner,NAmes,166000
832,7,5,1200,2,1,480,3180,2Story,Inside,Somerst,151000
833,7,6,1829,2,1,613,9548,2Story,CulDSac,CollgCr,237000
834,6,6,1516,1,1,472,10004,1Story,Inside,NAmes,167000
835,5,6,1144,1,0,456,7875,1Story,Inside,NAmes,139950
836,4,7,1067,2,0,436,9600,1Story,Inside,Sawyer,128000
837,5,6,1559,1,0,812,8100,1Story,Inside,OldTown,153500
838,6,5,987,1,1,264,1680,2Story,Inside,BrDale,100000
839,5,6,1099,1,1,352,9525,1Story,Inside,CollgCr,144000
840,5,6,1200,1,0,240,11767,1.5Fin,Inside,Edwards,130500
841,6,8,1482,2,0,400,12155,2Story,Inside,SWISU,140000
842,5,8,1539,2,0,686,10440,2Story,Inside,OldTown,157500
843,6,7,1165,1,1,490,9020,SLvl,Inside,NAmes,174900
844,5,4,1800,2,0,0,8000,1Story,Corner,NAmes,141000
845,5,8,1416,1,1,720,12665,1.5Fin,Inside,OldTown,153900
846,5,5,1701,2,0,611,16647,SFoyer,CulDSac,Sawyer,171000
847,7,5,1775,2,1,425,9317,2Story,Inside,SawyerW,213000
848,5,6,864,1,0,338,15523,1Story,CulDSac,CollgCr,133500
849,6,8,2358,3,0,360,45600,1.5Fin,Inside,ClearCr,240000
850,6,7,1855,2,1,512,9600,SLvl,FR2,Veenker,187000
851,6,5,848,1,0,420,4435,1Story,Inside,CollgCr,131500
852,8,5,1456,2,0,400,3196,1Story,Inside,Blmngtn,215000
853,7,5,1646,2,0,240,7128,2.5Unf,Inside,Crawfor,164000
854,6,6,1445,1,1,645,12095,SLvl,Corner,NAmes,158000
855,5,4,1779,1,1,454,17920,1Story,Inside,Sawyer,170000
856,5,8,1040,1,1,260,6897,1Story,Corner,Sawyer,127000
857,6,6,1026,1,0,576,10970,SLvl,Inside,CollgCr,147000
858,6,5,1481,2,1,343,8125,2Story,Inside,Gilbert,174000
859,7,5,1370,2,0,479,10400,1Story,Inside,NWAmes,152000
860,6,7,2654,2,1,619,11029,2Story,Corner,NWAmes,250000
861,7,8,1426,1,1,216,7642,1.5Fin,Corner,Crawfor,189950
862,5,4,1039,1,1,504,11625,1Story,Inside,Sawyer,131500
863,6,5,1097,2,0,480,9672,1Story,Corner,SawyerW,152000
864,5,5,1148,1,0,672,7931,1Story,Inside,NAmes,132500
865,7,5,1372,2,0,529,8640,1Story,Inside,Somerst,250580
866,5,6,1002,1,0,902,8750,1Story,Inside,NAmes,148500
867,8,5,1646,2,0,870,10656,1Story,Inside,Timber,248900
868,4,5,1120,1,1,544,6970,1Story,Corner,Sawyer,129000
869,5,6,2320,2,0,672,14762,2Story,Corner,Gilbert,169000
870,7,5,1949,2,1,574,9938,2Story,Inside,SawyerW,236000
871,5,5,894,1,0,308,6600,1Story,Inside,NAmes,109500
872,6,5,1682,2,1,523,8750,2Story,Inside,CollgCr,200500
873,5,7,910,1,0,414,8892,1Story,Corner,NAmes,116000
874,5,7,1268,1,0,288,12144,1Story,Inside,NAmes,133000
875,5,6,1131,1,1,200,5720,1.5Fin,Inside,OldTown,66500
876,8,5,2610,2,1,550,9000,2Story,Inside,Somerst,303477
877,4,5,1040,1,0,648,25286,1Story,Inside,Mitchel,132250
878,9,5,2224,2,1,738,8834,2Story,Inside,NridgHt,350000
879,5,7,1155,1,0,576,11782,SFoyer,Inside,Sawyer,148000
880,5,8,864,1,0,336,7000,1Story,CulDSac,CollgCr,136500
881,5,5,1090,1,1,450,7024,1Story,Inside,Edwards,157000
882,7,5,1717,2,1,400,13758,1.5Fin,CulDSac,Timber,187500
883,6,5,1593,2,1,389,9636,2Story,Corner,Gilbert,178000
884,4,5,2230,1,0,440,6204,2.5Fin,Inside,SWISU,118500
885,5,5,892,1,0,288,7150,1Story,Inside,NAmes,100000
886,9,5,1709,2,0,506,5119,1Story,CulDSac,Somerst,328900
887,5,5,1712,2,0,588,8393,1Story,Corner,NAmes,145000
888,5,7,1393,1,1,300,16466,1.5Fin,Inside,Edwards,135500
889,8,6,2217,2,0,621,15865,1Story,Inside,NAmes,268000
890,6,4,1505,1,0,505,12160,1Story,Inside,NAmes,149500
891,5,7,924,1,0,576,8064,1.5Fin,Corner,NAmes,122900
892,6,5,1683,2,1,440,11184,2Story,Inside,Sawyer,172500
893,6,8,1068,1,0,264,8414,1Story,Inside,Sawyer,154500
894,5,5,1383,1,0,354,13284,1Story,Inside,Sawyer,165000
895,5,5,1535,2,0,400,7018,1Story,Inside,SawyerW,118858
896,6,5,1796,1,1,483,7056,2Story,Inside,NAmes,140000
897,4,6,951,1,0,327,8765,1Story,Inside,IDOTRR,106500
898,5,5,2240,2,0,528,7018,2Story,Inside,SawyerW,142953
899,9,5,2364,2,1,820,12919,1Story,Inside,NridgHt,611657
900,5,7,1236,1,0,288,6993,1Story,Inside,Sawyer,135000
901,4,6,858,1,0,684,7340,1Story,Inside,NAmes,110000
902,5,7,1306,1,0,756,8712,1Story,Inside,NAmes,153000
903,7,5,1509,2,1,393,7875,2Story,Inside,Gilbert,180000
904,7,5,1670,2,0,690,14859,1Story,CulDSac,Gilbert,240000
905,5,6,902,1,0,288,6173,1Story,Inside,Sawyer,125500
906,5,5,1063,1,0,280,9920,1Story,Inside,NAmes,128000
907,8,5,1636,2,0,865,13501,1Story,Corner,Somerst,255000
908,7,7,2057,1,1,180,11500,1.5Fin,Inside,Crawfor,250000
909,5,5,902,1,0,484,8885,1Story,Inside,Mitchel,131000
910,6,5,1484,2,1,390,12589,2Story,Inside,Gilbert,174000
911,5,5,2274,2,0,480,11600,2Story,Corner,NAmes,154300
912,5,7,1268,1,1,252,9286,1Story,CulDSac,CollgCr,143500
913,5,7,1015,1,0,450,6120,1Story,Inside,BrkSide,88000
914,5,6,2002,2,0,871,6270,2Story,Inside,Crawfor,145000
915,6,5,1224,2,1,528,3000,2Story,Inside,Somerst,173733
916,4,5,1092,1,1,286,2001,2Story,Inside,MeadowV,75000
917,2,3,480,0,0,308,9000,1Story,Inside,IDOTRR,35311
918,4,6,1229,1,0,284,17140,1Story,Inside,Edwards,135000
919,7,5,2127,2,1,833,13125,2Story,Corner,SawyerW,238000
920,6,8,1414,1,0,601,11029,1Story,Corner,NAmes,176500
921,6,5,1721,2,1,471,8462,2Story,Inside,SawyerW,201000
922,5,7,2200,2,2,0,8777,1.5Fin,Inside,Edwards,145900
923,6,5,1316,2,0,397,10237,1Story,Inside,Gilbert,169990
924,6,5,1617,2,0,533,8012,1Story,Inside,SawyerW,193000
925,6,6,1686,2,0,612,10240,1Story,Inside,NWAmes,207500
926,5,6,1126,2,0,540,15611,1Story,Corner,NWAmes,175000
927,8,5,2374,2,1,656,11999,2Story,Inside,NridgHt,285000
928,7,5,1978,2,1,486,9900,2Story,Inside,NWAmes,176000
929,8,5,1788,2,0,522,11838,1Story,Inside,CollgCr,236500
930,7,5,2236,2,1,642,13006,2Story,Corner,Gilbert,222000
931,8,5,1466,2,0,610,8925,1Story,Inside,Timber,201000
932,5,6,925,1,0,429,9100,1Story,Inside,NAmes,117500
933,9,5,1905,2,0,788,11670,1Story,Corner,Somerst,320000
934,7,5,1500,2,0,570,8487,1Story,FR2,CollgCr,190000
935,7,7,2069,2,0,505,27650,1Story,Inside,NAmes,242000
936,4,5,747,1,0,528,5825,1Story,Inside,BrkSide,79900
937,7,5,1200,2,0,555,10083,1Story,Inside,SawyerW,184900
938,7,5,1971,2,1,689,9675,2Story,Inside,Somerst,253000
939,7,5,1962,2,1,868,8760,2Story,Inside,CollgCr,239799
940,7,7,2403,2,0,349,24090,2Story,Inside,ClearCr,244400
941,6,5,1728,2,0,574,12640,1Story,Inside,Mitchel,150900
942,7,5,2060,2,1,390,8755,2Story,FR2,Gilbert,214000
943,4,3,1440,2,0,0,7711,1Story,Inside,Edwards,150000
944,5,4,1632,2,0,576,25000,1Story,Inside,Mitchel,143000
945,6,6,1344,1,0,525,14375,SLvl,CulDSac,Timber,137500
946,5,6,1869,1,0,456,8820,1.5Fin,Corner,OldTown,124900
947,5,6,1144,1,0,796,8163,SLvl,Inside,NAmes,143000
948,8,5,1629,2,0,808,14536,1Story,Inside,Timber,270000
949,7,5,1776,2,1,474,14006,2Story,Inside,CollgCr,192500
950,6,7,1381,1,1,676,9360,1Story,Inside,NWAmes,197500
951,5,8,864,1,0,720,7200,1Story,Inside,NAmes,129000
952,5,5,965,1,0,300,7800,1Story,Corner,SawyerW,119900
953,5,8,768,1,0,396,7200,SFoyer,Inside,CollgCr,133900
954,5,4,1968,2,1,530,11075,2Story,Inside,Mitchel,172000
955,6,5,980,2,0,0,9400,SFoyer,CulDSac,Edwards,127500
956,6,6,1958,2,0,492,7136,2Story,Inside,Crawfor,145000
957,6,6,1229,1,1,462,1300,2Story,Inside,Blueste,124000
958,5,5,1057,1,0,576,7420,1Story,Inside,Sawyer,132000
959,7,5,1337,2,0,531,8450,1Story,Inside,CollgCr,185000
960,7,5,1416,2,1,484,2572,2Story,FR2,Somerst,155000
961,5,7,858,1,0,0,7207,1Story,Inside,BrkSide,116500
962,6,7,2872,2,1,619,12227,2Story,Corner,NWAmes,272000
963,6,6,1548,2,1,440,2308,2Story,Corner,NPkVill,155000
964,9,5,1800,2,0,702,11923,1Story,Corner,CollgCr,239000
965,7,5,1894,2,1,510,11316,2Story,Corner,Timber,214900
966,6,5,1484,2,1,393,10237,2Story,Inside,Gilbert,178900
967,5,7,1308,1,1,256,9600,1.5Fin,Inside,Crawfor,160000
968,5,7,1098,1,0,260,7390,1Story,Inside,NAmes,135000
969,3,6,968,1,0,0,5925,1.5Fin,Inside,OldTown,37900
970,6,5,1095,1,0,264,10382,SLvl,Inside,NAmes,140000
971,4,4,1192,1,1,0,10800,1.5Fin,Inside,NAmes,135000
972,7,5,1626,2,0,474,2268,2Story,Inside,NridgHt,173000
973,6,5,918,2,0,264,7892,1Story,Inside,SawyerW,99500
974,7,5,1428,2,0,480,11639,1Story,Corner,Somerst,182000
975,7,8,2019,1,0,532,11414,2Story,Corner,BrkSide,167500
976,7,5,1382,2,1,490,2651,2Story,FR2,Somerst,165000
977,4,7,869,1,0,0,5900,1Story,Inside,BrkSide,85500
978,7,5,1241,1,1,569,4274,1Story,Inside,Somerst,199900
979,4,5,894,1,0,400,9450,1Story,Inside,Edwards,110000
980,5,6,1121,1,0,480,8816,1Story,Corner,Sawyer,139000
981,7,9,999,1,0,588,12122,SFoyer,Corner,NAmes,178400
982,8,5,2612,2,1,676,12203,2Story,Corner,NoRidge,336000
983,7,5,1266,2,0,388,3182,1Story,Inside,Blmngtn,159895
984,8,5,2290,2,1,779,11250,2Story,Corner,CollgCr,255900
985,5,5,1734,2,0,539,10125,1.5Fin,Inside,Mitchel,126000
986,5,5,1164,1,0,240,10880,1Story,Inside,Edwards,125000
987,6,8,1635,1,0,255,5310,1.5Fin,Corner,OldTown,117000
988,9,5,1940,2,1,606,10159,1Story,Inside,NridgHt,395192
989,6,6,2030,2,1,551,12046,2Story,Inside,NWAmes,195000
990,7,5,1576,2,1,614,8125,2Story,Inside,Somerst,197000
991,8,5,2392,2,1,870,9452,2Story,Inside,NoRidge,348000
992,8,9,1742,1,1,424,17671,2Story,Corner,OldTown,168000
993,6,8,1851,2,1,440,9760,2Story,Inside,NAmes,187000
994,6,5,1500,2,1,564,8846,2Story,Inside,CollgCr,173900
995,10,5,1718,2,0,786,12456,1Story,FR2,NridgHt,337500
996,4,7,1230,1,1,305,4712,1.5Fin,Inside,BrkSide,121600
997,5,6,1050,1,0,368,10659,1Story,Inside,NAmes,136500
998,6,6,1442,2,0,615,11717,1Story,Inside,NWAmes,185000
999,3,4,1077,1,0,210,9786,1Story,Inside,IDOTRR,91000
1000,7,5,1208,2,0,632,6762,1Story,Inside,CollgCr,206000
1001,3,3,944,1,0,528,10206,1Story,Corner,Edwards,82000
1002,5,6,691,1,0,216,5400,1Story,Corner,OldTown,86000
1003,8,5,1574,2,0,824,11957,1Story,Inside,Somerst,232000
1004,5,6,1680,2,0,528,11500,1Story,Corner,NWAmes,136905
1005,7,5,1504,2,0,457,3182,1Story,Inside,Blmngtn,181000
1006,5,8,985,2,0,328,8385,SLvl,Inside,CollgCr,149900
1007,6,3,1657,2,0,484,12155,1Story,Inside,NAmes,163500
1008,4,4,1092,1,1,286,2217,2Story,Inside,MeadowV,88000
1009,7,5,1710,2,0,550,12118,1Story,CulDSac,Mitchel,240000
1010,5,5,1522,2,0,0,6000,1.5Fin,Inside,SWISU,102000
1011,5,5,1271,2,0,312,21286,1.5Fin,Inside,Sawyer,135000
1012,5,5,1664,2,0,0,9825,1Story,Inside,Edwards,100000
1013,6,7,1502,1,1,180,10592,2Story,Inside,Crawfor,165000
1014,5,4,1022,1,0,280,7200,1Story,Inside,OldTown,85000
1015,6,5,1082,1,0,240,11664,1Story,Inside,NAmes,119200
1016,8,6,1665,2,1,528,8400,2Story,Inside,NWAmes,227000
1017,7,5,1504,2,0,478,11883,1Story,Inside,CollgCr,203000
1018,8,5,1360,1,0,565,5814,1Story,CulDSac,StoneBr,187500
1019,7,5,1472,2,1,402,10784,SLvl,FR2,Gilbert,160000
1020,7,5,1506,2,0,440,3013,1Story,Inside,Blmngtn,213490
1021,4,5,1132,1,1,451,7024,1Story,Inside,Edwards,176000
1022,7,5,1220,2,0,632,7406,1Story,Inside,CollgCr,194000
1023,5,5,1248,1,0,160,9439,1.5Fin,Inside,OldTown,87000
1024,7,5,1504,2,0,437,3182,1Story,Inside,Blmngtn,191000
1025,8,6,2898,2,0,665,15498,1Story,Corner,Timber,287000
1026,5,5,882,1,0,461,7700,1Story,Corner,CollgCr,112500
1027,5,5,1264,1,0,461,9300,1Story,Inside,NAmes,167500
1028,8,5,1646,2,0,800,9520,1Story,Inside,Timber,293077
1029,5,5,1376,1,0,240,9492,1.5Fin,Inside,NAmes,105000
1030,6,7,1218,1,1,264,1680,2Story,Inside,BrDale,118000
1031,5,8,1928,2,0,0,7082,2Story,Inside,SWISU,160000
1032,7,3,3082,2,1,672,15863,2.5Fin,Corner,SWISU,197000
1033,8,7,2520,2,1,796,14541,2Story,Corner,NoRidge,310000
1034,7,5,1654,2,0,900,8125,1Story,Inside,CollgCr,230000
1035,5,7,954,1,0,240,6305,1Story,Inside,Crawfor,119750
1036,4,3,845,1,0,290,11500,1Story,CulDSac,Edwards,84000
1037,9,5,1620,2,0,912,12898,1Story,Inside,Timber,315500
1038,8,5,2263,2,1,905,9240,2Story,Inside,CollgCr,287000
1039,4,6,1344,1,1,0,1533,2Story,Inside,MeadowV,97000
1040,4,4,630,1,0,286,1477,SFoyer,Inside,MeadowV,80000
1041,5,4,1803,2,0,484,13125,1Story,Corner,Sawyer,155000
1042,6,8,1632,1,1,484,9130,2Story,Inside,NWAmes,173000
1043,6,5,1306,2,0,624,5381,1Story,Inside,NridgHt,196000
1044,7,5,2329,2,1,514,11839,2Story,Inside,SawyerW,262280
1045,8,5,2524,2,1,542,9600,1Story,Inside,NWAmes,278000
1046,3,5,1733,2,0,452,13680,1Story,CulDSac,Edwards,139600
1047,9,5,2868,3,1,716,16056,2Story,Inside,StoneBr,556581
1048,5,5,990,1,0,672,9245,1Story,Inside,CollgCr,145000
1049,5,4,1771,1,0,336,21750,1Story,Inside,Mitchel,115000
1050,4,7,930,1,0,308,11100,1Story,Inside,Edwards,84900
1051,7,5,1302,2,0,436,8993,1Story,Inside,Gilbert,176485
1052,7,5,1316,2,0,440,11175,1Story,Corner,CollgCr,200141
1053,6,6,1977,1,1,540,9500,2Story,Corner,NAmes,165000
1054,5,6,1526,1,0,364,8562,1Story,Inside,Edwards,144500
1055,8,5,1989,2,1,586,11367,2Story,Corner,CollgCr,255000
1056,6,5,1523,2,0,478,11361,1Story,Inside,NWAmes,180000
1057,7,5,1364,2,0,484,7052,1Story,Inside,NridgHt,185850
1058,7,6,1850,2,1,467,29959,2Story,FR2,NoRidge,248000
1059,9,5,2184,2,1,836,11308,2Story,Inside,NridgHt,335000
1060,6,7,1991,1,1,432,11275,1.5Fin,Corner,Crawfor,220000
1061,8,5,1338,2,0,582,4920,1Story,Inside,StoneBr,213500
1062,3,4,894,1,0,1248,18000,1Story,Inside,IDOTRR,81000
1063,5,5,2337,2,0,560,13600,2Story,Inside,OldTown,90000
1064,6,6,1103,1,0,440,6000,1Story,Inside,OldTown,110500
1065,5,6,1154,1,1,480,11000,1Story,CulDSac,NAmes,154000
1066,7,5,2260,2,1,533,14000,2Story,Inside,ClearCr,328000
1067,6,7,1571,2,1,380,7837,2Story,Inside,Gilbert,178000
1068,6,6,1611,1,1,442,9760,2Story,Inside,NAmes,167900
1069,6,4,2521,2,1,576,3964,2Story,Inside,MeadowV,151400
1070,5,7,893,1,0,576,9600,1.5Unf,Inside,NAmes,135000
1071,5,5,1048,1,0,286,10152,1Story,Inside,NAmes,135000
1072,6,6,1556,1,1,441,11700,2Story,Inside,NWAmes,154000
1073,5,3,1456,1,0,280,7585,1.5Fin,Inside,Edwards,91500
1074,6,6,1426,1,1,440,7950,2Story,Corner,Edwards,159500
1075,7,5,1240,2,0,826,8556,1Story,Inside,CollgCr,194000
1076,7,6,1740,1,1,240,13125,2Story,Inside,Crawfor,219500
1077,5,8,1466,2,0,566,10800,1.5Fin,Inside,OldTown,170000
1078,5,5,1096,1,0,299,15870,1Story,Corner,NAmes,138800
1079,6,5,848,1,0,420,4435,1Story,Inside,CollgCr,155900
1080,5,5,990,1,0,299,8775,1Story,Inside,CollgCr,126000
1081,6,7,1258,2,0,528,11040,1Story,Inside,NWAmes,145000
1082,5,5,1040,1,1,308,7500,1Story,Corner,Sawyer,133000
1083,7,5,1459,2,0,527,8749,1Story,Inside,CollgCr,192000
1084,6,6,1251,1,0,461,8800,1Story,Inside,NAmes,160000
1085,6,5,1498,2,1,409,13031,2Story,Corner,Gilbert,187500
1086,6,6,996,1,0,564,9069,SFoyer,Inside,SawyerW,147000
1087,4,5,1092,1,1,286,1974,2Story,Inside,MeadowV,83500
1088,8,5,1953,2,1,1043,10574,2Story,Inside,Somerst,252000
1089,7,5,1709,2,0,380,2522,2Story,Inside,Edwards,137500
1090,8,5,1247,1,1,550,3316,1Story,Inside,Somerst,197000
1091,3,4,1040,2,0,400,8544,1Story,Corner,NAmes,92900
1092,7,5,1252,2,1,462,2160,2Story,Inside,Somerst,160000
1093,6,5,1694,2,0,576,8400,1.5Fin,Inside,SWISU,136500
1094,5,8,1200,1,1,884,9230,1Story,Corner,NAmes,146000
1095,5,7,936,1,0,308,5868,1Story,Inside,NAmes,129000
1096,6,5,1314,2,0,440,9317,1Story,Inside,CollgCr,176432
1097,6,7,1355,1,1,0,6882,2Story,Inside,IDOTRR,127000
1098,8,5,1088,1,1,461,3696,1Story,Inside,StoneBr,170000
1099,4,6,1324,1,0,240,6000,1.5Fin,Inside,BrkSide,128000
1100,7,5,1601,2,0,478,11880,1Story,Inside,NWAmes,157000
1101,2,5,438,1,0,246,8400,1Story,Inside,SWISU,60000
1102,5,5,950,1,0,280,9758,1Story,Inside,NAmes,119500
1103,5,7,1134,1,0,254,7000,1Story,Inside,NAmes,135000
1104,6,6,1194,1,0,539,8910,1Story,Corner,NAmes,159500
1105,5,5,1302,2,1,440,2016,2Story,Inside,BrDale,106000
1106,8,5,2622,2,1,712,12256,2Story,Corner,NoRidge,325000
1107,7,5,1442,2,0,719,10357,1Story,Corner,SawyerW,179900
1108,7,5,2021,2,1,422,23257,2Story,CulDSac,Gilbert,274725
1109,6,5,1690,2,1,463,8063,2Story,Inside,Gilbert,181000
1110,8,5,1836,2,0,862,11362,1Story,Inside,NridgHt,280000
1111,6,5,1658,2,1,431,8000,2Story,Inside,Gilbert,188000
1112,7,6,1964,2,1,483,10480,2Story,Inside,NWAmes,205000
1113,5,7,816,1,0,308,7100,1Story,Corner,NAmes,129900
1114,5,7,1008,1,0,240,8923,1Story,Inside,NAmes,134500
1115,5,7,833,1,0,326,5400,1Story,Inside,OldTown,117000
1116,8,5,1734,2,0,928,12085,1Story,Inside,NridgHt,318000
1117,8,5,1419,2,1,527,7750,SLvl,Inside,Gilbert,184100
1118,5,7,894,1,0,450,9764,1Story,FR2,Sawyer,130000
1119,5,6,1601,1,0,300,13825,SLvl,Inside,Sawyer,140000
1120,5,5,1040,1,0,286,7560,1Story,Inside,NAmes,133700
1121,6,5,1012,1,0,308,8263,1Story,Inside,IDOTRR,118400
1122,7,5,1552,2,0,782,10084,1Story,Inside,CollgCr,212900
1123,4,3,960,1,0,288,8926,1Story,Corner,Edwards,112000
1124,5,9,698,1,0,0,9405,1Story,Inside,Edwards,118000
1125,7,5,1482,2,1,392,9125,SLvl,Inside,Gilbert,163900
1126,4,5,1005,1,0,672,10434,1Story,Inside,NAmes,115000
1127,7,5,1555,2,0,660,3684,1Story,Inside,Blmngtn,174000
1128,7,5,1530,2,0,630,14572,1Story,Corner,Gilbert,259000
1129,7,5,1959,2,1,434,11796,2Story,Inside,Gilbert,215000
1130,5,5,936,1,0,672,7200,SFoyer,Inside,OldTown,140000
1131,4,3,1981,2,0,576,7804,1.5Fin,Inside,SWISU,135000
1132,5,5,974,1,0,0,10712,1Story,Inside,Mitchel,93500
1133,6,4,2210,2,0,205,9900,2Story,Inside,OldTown,117500
1134,8,5,2020,2,1,466,9828,2Story,Inside,SawyerW,239500
1135,6,5,1600,2,1,460,8773,2Story,Inside,Gilbert,169000
1136,6,5,986,1,0,180,6180,1Story,Corner,BrkSide,102000
1137,6,5,1252,1,0,288,9600,1.5Fin,Inside,NAmes,119000
1138,5,8,1020,1,0,0,6342,1.5Fin,Inside,Sawyer,94000
1139,6,5,1567,2,0,714,9819,1Story,Inside,Mitchel,196000
1140,5,5,1167,1,0,495,8731,1Story,Inside,BrkSide,144000
1141,5,7,952,1,0,840,7350,1Story,Corner,NAmes,139000
1142,5,7,1868,2,1,484,10304,2Story,CulDSac,NWAmes,197500
1143,8,5,2828,3,0,1052,9965,2Story,Inside,CollgCr,424870
1144,5,3,1006,1,0,0,9000,1Story,Inside,Sawyer,80000
1145,4,4,924,1,0,280,12180,1.5Fin,Inside,Edwards,80000
1146,5,6,1576,1,0,225,6240,1.5Fin,Inside,BrkSide,149000
1147,6,5,1298,2,0,403,11200,1Story,Inside,SawyerW,180000
1148,7,7,1564,1,1,234,12000,2Story,Inside,Crawfor,174500
1149,7,7,1111,1,0,288,5700,1.5Fin,Inside,OldTown,116900
1150,7,9,1482,1,0,324,9000,2Story,Inside,OldTown,143000
1151,6,5,932,1,0,306,8280,1Story,Inside,NAmes,124000
1152,5,4,1466,1,1,528,17755,1Story,Inside,Edwards,149900
1153,6,7,1811,1,0,470,14115,1Story,Inside,Crawfor,230000
1154,6,8,816,1,0,432,5890,1Story,Corner,IDOTRR,120500
1155,7,6,1820,1,2,492,13700,2Story,Inside,NAmes,201800
1156,5,8,1437,2,0,528,10768,1Story,Corner,Veenker,218000
1157,5,8,1265,2,0,502,9350,SLvl,Inside,NAmes,179900
1158,7,5,1314,2,0,626,5001,1Story,Inside,NridgHt,230000
1159,8,5,1580,2,0,830,11932,1Story,FR2,Somerst,235128
1160,6,6,1876,2,1,540,9120,2Story,Inside,NWAmes,185000
1161,6,5,1456,2,1,440,2280,2Story,Inside,NPkVill,146000
1162,6,7,1640,1,0,924,14778,1Story,CulDSac,Crawfor,224000
1163,5,5,894,1,0,450,8724,1Story,Inside,Sawyer,129000
1164,4,4,1258,0,2,400,12900,SFoyer,Inside,Sawyer,108959
1165,5,7,1432,1,1,588,16157,SLvl,FR2,Veenker,194000
1166,7,5,1502,2,0,644,9541,1Story,Inside,NridgHt,233170
1167,8,5,1694,2,0,776,10475,1Story,Corner,CollgCr,245350
1168,6,5,1671,2,1,472,10852,2Story,Inside,Gilbert,173000
1169,6,7,2108,2,0,540,13728,2Story,Corner,Edwards,235000
1170,10,5,3627,3,1,807,35760,2Story,CulDSac,NoRidge,625000
1171,6,6,1118,1,0,358,9880,SLvl,Inside,Mitchel,171000
1172,6,6,1261,1,0,433,9120,1Story,Inside,NAmes,163000
1173,7,5,1250,2,1,625,4017,2Story,Inside,Somerst,171900
1174,5,6,3086,3,0,0,18030,1.5Fin,Inside,ClearCr,200500
1175,6,8,2345,2,1,360,16560,2Story,Inside,Crawfor,239000
1176,8,5,2872,2,1,541,10678,1.5Fin,Inside,NoRidge,285000
1177,5,5,923,1,0,264,6951,1Story,CulDSac,Mitchel,119500
1178,6,8,1224,1,0,210,3950,1.5Fin,Inside,OldTown,115000
1179,5,6,1343,1,1,186,7681,1.5Fin,FR2,Crawfor,154900
1180,5,5,1124,1,0,0,8335,1Story,Corner,Edwards,93000
1181,7,5,2514,2,1,693,11170,2Story,Corner,Timber,250000
1182,8,5,1652,2,0,482,5587,1Story,Inside,Crawfor,392500
1183,10,5,4476,3,1,813,15623,2Story,Corner,NoRidge,745000
1184,5,6,1130,1,0,720,10800,1Story,Inside,OldTown,120000
1185,5,4,1572,1,1,995,35133,1Story,Inside,Timber,186700
1186,5,7,1221,1,0,392,9738,1.5Fin,Inside,Edwards,104900
1187,3,5,1699,2,0,420,10615,2Story,Corner,OldTown,95000
1188,8,5,1624,2,0,757,12461,1Story,Corner,NoRidge,262000
1189,7,5,1660,2,1,493,8935,2Story,Inside,CollgCr,195000
1190,7,5,1804,2,1,442,7500,2Story,Inside,Gilbert,189000
1191,4,4,1622,1,0,1356,32463,1Story,Inside,Mitchel,168000
1192,8,5,1441,2,1,492,2645,2Story,Inside,Somerst,174000
1193,5,8,1472,1,0,250,9600,1.5Fin,Inside,OldTown,125000
1194,6,5,1224,2,0,402,4500,1Story,FR2,Mitchel,165000
1195,6,7,1352,1,1,299,9364,2Story,Corner,Sawyer,158000
1196,6,5,1456,2,1,400,8029,2Story,Inside,Gilbert,176000
1197,7,5,1863,2,1,660,14054,2Story,Inside,Gilbert,219210
1198,7,6,1690,1,0,225,8850,2.5Unf,Corner,OldTown,144000
1199,7,5,1212,2,0,573,9100,1Story,Inside,CollgCr,178000
1200,4,5,1382,1,1,459,11235,1Story,Inside,Sawyer,148000
1201,4,5,864,1,0,280,9353,1Story,Inside,NAmes,116050
1202,7,5,1779,2,1,546,10400,2Story,Corner,CollgCr,197900
1203,5,8,1348,1,0,216,6000,1.5Fin,Corner,BrkSide,117000
1204,7,5,1630,2,0,451,9750,1Story,Inside,CollgCr,213000
1205,5,6,1074,1,1,495,10140,1Story,Inside,NWAmes,153500
1206,7,7,2196,2,0,701,14684,1Story,CulDSac,SawyerW,271900
1207,4,4,1056,1,0,384,8900,1Story,Inside,SawyerW,107000
1208,6,5,1700,2,0,544,9135,1Story,Inside,CollgCr,200000
1209,5,7,1283,1,0,506,7763,1Story,Inside,NAmes,140000
1210,8,5,1660,2,0,500,10182,1Story,CulDSac,Somerst,290000
1211,6,5,1845,2,1,462,11218,2Story,Inside,SawyerW,189000
1212,8,7,1752,2,0,492,12134,1.5Fin,Inside,Gilbert,164000
1213,4,6,672,1,0,234,9340,1Story,Inside,Edwards,113000
1214,4,9,960,0,0,364,10246,SLvl,CulDSac,Sawyer,145000
1215,5,5,999,1,0,300,10205,SFoyer,Inside,NAmes,134500
1216,5,5,894,1,0,384,7094,1Story,Inside,Sawyer,125000
1217,6,5,1902,2,0,539,8930,1.5Fin,Inside,Sawyer,112000
1218,8,5,1314,2,0,552,8640,1Story,Inside,Somerst,229456
1219,4,5,912,1,0,0,6240,1.5Fin,Inside,BrkSide,80500
1220,6,5,1218,1,1,0,1680,2Story,Inside,BrDale,91500
1221,5,5,912,1,0,288,7800,1Story,Inside,NAmes,115000
1222,5,5,1211,1,0,322,8250,1Story,Inside,Sawyer,134000
1223,6,6,1846,2,0,315,10496,1.5Fin,Inside,NAmes,143000
1224,5,3,2136,2,0,528,10680,1Story,Inside,NAmes,137900
1225,7,5,1490,2,1,388,15384,2Story,Inside,Gilbert,184000
1226,6,8,1138,1,0,264,10482,SLvl,Inside,NAmes,145000
1227,6,5,1933,2,1,668,14598,2Story,CulDSac,Somerst,214000
1228,5,8,912,1,0,576,8872,1Story,Corner,NAmes,147000
1229,9,5,1702,1,1,1052,8769,1Story,Corner,NridgHt,367294
1230,5,5,1507,2,0,404,7910,SLvl,Inside,NAmes,127000
1231,5,5,2620,2,2,600,18890,1.5Fin,Inside,Sawyer,190000
1232,5,6,1190,1,0,540,7728,SLvl,Inside,NAmes,132500
1233,4,5,1224,2,0,462,9842,1Story,FR2,NAmes,101800
1234,5,5,1188,1,0,531,12160,1Story,Inside,NAmes,142000
1235,5,6,1964,1,1,0,8525,2Story,Inside,SWISU,130000
1236,5,5,1784,1,1,180,13132,2Story,Inside,Crawfor,138887
1237,7,5,1626,2,1,474,2628,2Story,Inside,NridgHt,175500
1238,7,5,1948,2,1,434,12393,2Story,FR2,CollgCr,195000
1239,6,5,1141,1,1,484,13072,1Story,Inside,SawyerW,142500
1240,8,5,1484,2,0,472,9037,1Story,Inside,Timber,265900
1241,7,5,1768,2,1,543,8158,2Story,Inside,CollgCr,224900
1242,7,6,1689,2,0,954,9849,1Story,Inside,Somerst,248328
1243,7,6,1173,2,0,528,10625,SFoyer,Inside,NWAmes,170000
1244,10,5,2076,2,1,850,13891,1Story,Inside,NridgHt,465000
1245,8,7,1517,1,0,400,11435,2Story,Corner,Crawfor,230000
1246,6,7,1868,3,1,477,12090,SLvl,Inside,NWAmes,178000
1247,7,5,1553,2,1,615,8125,2Story,Inside,Somerst,186500
1248,6,5,1034,1,0,888,12328,SLvl,Inside,Mitchel,169900
1249,6,5,2058,1,1,396,9600,2.5Unf,Inside,OldTown,129500
1250,5,7,988,1,0,276,7200,1Story,Inside,NAmes,119000
1251,7,5,2110,2,1,522,11160,1Story,Corner,NAmes,244000
1252,7,5,1405,2,0,478,3136,1Story,Corner,NridgHt,171750
1253,5,6,874,1,0,288,9858,1Story,Inside,Mitchel,130000
1254,7,7,2167,2,1,518,17542,2Story,Inside,Veenker,294000
1255,7,5,1656,2,1,397,6931,2Story,Inside,Edwards,165400
1256,6,6,1367,1,0,560,6240,1.5Fin,Inside,BrkSide,127500
1257,8,5,1987,2,0,691,14303,1Story,Corner,NoRidge,301500
1258,5,8,864,1,0,0,4060,1Story,Corner,Edwards,99900
1259,7,5,1166,2,0,400,9587,SLvl,Inside,Gilbert,190000
1260,6,8,1054,1,1,460,9750,1Story,FR2,NAmes,151000
1261,6,5,1675,2,1,502,24682,2Story,CulDSac,Gilbert,181000
1262,5,6,1050,1,0,338,9600,1Story,Inside,NAmes,128900
1263,4,5,1788,1,0,304,11250,1.5Fin,Inside,ClearCr,161500
1264,6,6,1824,1,0,520,13515,2Story,Inside,BrkSide,180500
1265,6,5,1337,2,0,511,4060,1Story,Inside,NAmes,181000
1266,7,5,1452,2,1,506,3735,2Story,FR3,Somerst,183900
1267,7,4,1889,1,1,308,10120,2.5Unf,Inside,OldTown,122000
1268,9,5,2018,2,0,746,13214,1Story,Inside,Timber,378500
1269,8,9,3447,3,1,1014,14100,1.5Fin,Inside,Crawfor,381000
1270,5,5,1524,1,1,315,11344,1.5Fin,Inside,NAmes,144000
1271,7,6,1524,0,1,586,23595,1Story,Inside,ClearCr,260000
1272,6,7,1489,2,0,462,9156,1Story,Inside,NWAmes,185750
1273,5,6,935,1,0,288,13526,1Story,CulDSac,Sawyer,137000
1274,6,7,1357,1,0,312,11512,SLvl,Corner,Edwards,177000
1275,5,6,1250,2,0,552,5362,1.5Fin,Corner,Crawfor,139000
1276,5,5,1920,2,0,400,11345,2Story,Corner,NAmes,137000
1277,6,6,1395,1,1,497,12936,2Story,CulDSac,NWAmes,162000
1278,6,5,1724,1,1,480,17871,SLvl,CulDSac,NWAmes,197900
1279,8,5,2031,2,1,577,9473,2Story,Inside,CollgCr,237000
1280,4,4,1128,1,0,528,7500,1.5Fin,Inside,IDOTRR,68400
1281,7,5,1573,2,0,544,9808,1Story,Inside,CollgCr,227000
1282,7,5,1339,2,0,484,8049,1Story,CulDSac,Timber,180000
1283,5,7,1040,2,0,484,8800,1Story,Inside,CollgCr,150500
1284,6,5,1824,2,2,0,9400,2Story,Corner,Mitchel,139000
1285,6,7,2447,2,0,336,9638,1.5Fin,Inside,SWISU,169000
1286,6,6,1412,1,0,280,6000,1.5Fin,Inside,BrkSide,132500
1287,6,5,1328,1,1,528,9790,1Story,Inside,NWAmes,143000
1288,5,5,1582,2,0,390,36500,1Story,Inside,ClearCr,190000
1289,8,5,1659,2,0,499,5664,1Story,Inside,StoneBr,278000
1290,8,5,1970,2,1,753,11065,2Story,Inside,NridgHt,281000
1291,5,7,1152,1,0,484,14112,SLvl,Corner,NAmes,180500
1292,5,7,1302,2,1,264,1680,2Story,Inside,BrDale,119500
1293,5,4,2372,2,0,432,6600,2Story,Corner,OldTown,107500
1294,7,5,1664,2,1,528,10140,2Story,Inside,NWAmes,162900
1295,5,7,864,1,0,572,8172,1Story,Inside,Edwards,115000
1296,5,5,1052,1,1,288,8400,1Story,Inside,NAmes,138500
1297,5,6,1128,2,0,525,8700,1Story,Inside,NAmes,155000
1298,6,5,1072,2,0,525,3675,SFoyer,Inside,Edwards,140000
1299,10,5,5642,2,1,1418,63887,2Story,Corner,Edwards,160000
1300,5,7,1246,1,1,305,7500,1Story,Inside,NAmes,154000
1301,7,5,1983,2,1,490,10762,2Story,CulDSac,Gilbert,225000
1302,6,7,1494,1,0,213,7500,2Story,Inside,Crawfor,177500
1303,8,5,2526,2,1,844,10120,2Story,Inside,NoRidge,290000
1304,7,5,1616,2,0,834,8688,1Story,Inside,Somerst,232000
1305,7,5,1708,2,0,380,3363,2Story,Inside,Edwards,130000
1306,9,5,1652,2,0,840,13173,1Story,Corner,NridgHt,325000
1307,7,5,1368,2,0,474,6955,1Story,Inside,NridgHt,202500
1308,5,5,990,1,0,480,8072,1Story,Inside,CollgCr,138000
1309,5,7,1122,1,0,528,12000,1Story,Inside,OldTown,147000
1310,6,5,1294,2,0,496,7153,1Story,Inside,SawyerW,179200
1311,7,8,1902,2,0,567,17500,1Story,Inside,Crawfor,335000
1312,7,5,1274,2,0,508,8814,1Story,Inside,CollgCr,203000
1313,8,5,2810,2,1,750,9572,2Story,Inside,NoRidge,302000
1314,9,5,2599,2,1,779,14774,2Story,Corner,NoRidge,333168
1315,4,6,948,1,0,280,8190,1Story,Inside,Edwards,119000
1316,6,5,2112,2,1,576,11075,2Story,Inside,NAmes,206900
1317,8,5,1630,2,0,860,10226,1Story,Inside,CollgCr,295493
1318,7,5,1352,2,0,466,4230,1Story,Corner,Somerst,208900
1319,8,5,1787,2,0,748,14781,1Story,CulDSac,CollgCr,275000
1320,4,5,948,1,0,248,10215,1Story,Inside,Edwards,111000
1321,6,3,1478,1,1,442,8400,1Story,Inside,NAmes,156500
1322,3,6,720,1,0,287,6627,1Story,Corner,BrkSide,72500
1323,7,5,1923,2,1,564,10186,2Story,Inside,NoRidge,190000
1324,4,7,708,1,0,0,5330,1Story,Inside,BrkSide,82500
1325,8,5,1795,2,0,895,9986,1Story,Inside,Somerst,147000
1326,4,4,796,1,0,0,3636,1Story,Inside,IDOTRR,55000
1327,3,6,774,1,0,0,4270,1Story,Inside,Edwards,79000
1328,5,9,816,1,0,264,6600,1Story,Inside,Mitchel,130500
1329,6,7,2792,2,0,520,10440,1.5Fin,Corner,OldTown,256000
1330,7,5,1632,2,1,462,9084,2Story,Inside,Gilbert,176500
1331,8,5,1588,2,0,825,10000,1Story,Inside,Somerst,227000
1332,5,5,954,1,0,576,10780,SLvl,Inside,CollgCr,132500
1333,4,6,816,1,0,288,8877,1Story,Inside,Edwards,100000
1334,5,6,1360,1,1,297,7200,1.5Fin,Corner,IDOTRR,125500
1335,5,6,1365,1,1,440,2368,2Story,Inside,BrDale,125000
1336,6,5,1334,2,0,630,9650,1Story,Inside,NWAmes,167900
1337,5,5,1656,2,0,506,9246,1Story,Inside,NWAmes,135000
1338,4,4,693,1,0,0,4118,1Story,Corner,OldTown,52500
1339,7,5,1861,2,1,492,13450,2Story,Corner,CollgCr,200000
1340,5,7,864,1,0,288,9560,1Story,Corner,CollgCr,128500
1341,4,5,872,1,0,480,8294,1Story,Inside,NAmes,123000
1342,6,5,1114,1,0,576,13695,1Story,Inside,SawyerW,155000
1343,8,5,2169,2,1,647,9375,2Story,Inside,CollgCr,228500
1344,6,6,1913,1,1,342,7558,1.5Fin,Inside,Crawfor,177000
1345,7,5,1456,2,1,440,11103,2Story,Corner,CollgCr,155835
1346,4,4,960,1,0,308,6000,1Story,Inside,OldTown,108500
1347,7,7,2156,2,0,508,20781,1Story,CulDSac,NWAmes,262500
1348,8,5,1776,2,0,712,15306,1Story,Corner,Timber,283463
1349,7,5,1494,2,0,514,16196,1Story,Inside,SawyerW,215000
1350,8,5,2358,2,0,0,5250,2Story,Inside,OldTown,122000
1351,5,5,2634,2,2,968,11643,2Story,Inside,NAmes,200000
1352,6,6,1716,1,1,490,9247,2Story,Inside,NAmes,171000
1353,6,9,1176,1,0,624,6000,1.5Fin,Inside,BrkSide,134900
1354,8,5,3238,2,1,666,14720,1.5Fin,CulDSac,NoRidge,410000
1355,7,5,1865,2,1,839,10316,2Story,Inside,CollgCr,235000
1356,7,6,1920,3,0,487,10192,SLvl,Inside,NWAmes,170000
1357,5,5,892,1,0,264,9477,1Story,Corner,NAmes,110000
1358,5,6,1078,1,1,500,12537,1Story,CulDSac,NAmes,149900
1359,6,5,1573,2,1,440,2117,2Story,Inside,Somerst,177500
1360,9,5,1980,2,0,770,16737,1Story,FR3,NridgHt,315000
1361,5,6,2601,3,1,621,9842,2Story,Inside,SWISU,189000
1362,7,5,1530,2,0,430,16158,1Story,Inside,StoneBr,260000
1363,4,4,1738,2,0,368,12513,1.5Fin,FR2,NAmes,104900
1364,6,5,1412,2,1,432,8499,2Story,Inside,Gilbert,156932
1365,7,5,1200,2,1,480,3180,2Story,Inside,Somerst,144152
1366,7,5,1674,2,1,663,7500,2Story,Inside,Somerst,216000
1367,7,5,1790,2,1,588,9179,2Story,Inside,CollgCr,193000
1368,5,6,1475,2,0,336,2665,2Story,Inside,MeadowV,127000
1369,6,5,848,1,0,420,4435,1Story,Inside,CollgCr,144000
1370,8,5,1668,2,0,502,10635,1Story,FR2,CollgCr,232000
1371,4,6,1374,1,0,338,5400,1.5Fin,Corner,OldTown,105000
1372,6,6,1661,1,0,377,9600,SLvl,Inside,NAmes,165500
1373,7,6,2097,2,1,583,9750,2Story,Corner,CollgCr,274300
1374,10,5,2633,2,1,804,11400,1Story,Inside,NoRidge,466500
1375,7,5,1958,2,1,936,10625,2Story,Inside,Somerst,250000
1376,8,5,1571,2,0,722,10991,1Story,Inside,Timber,239000
1377,6,5,790,1,0,160,6292,1Story,Inside,SWISU,91000
1378,5,5,1604,2,0,660,10998,1.5Fin,Inside,Edwards,117000
1379,6,5,987,1,1,264,1953,2Story,Inside,BrDale,83000
1380,5,5,1394,2,1,400,9735,SLvl,Inside,Timber,167500
1381,3,3,864,1,0,200,8212,1Story,Inside,Edwards,58500
1382,6,7,2117,2,1,550,12925,1Story,Corner,NAmes,237500
1383,7,7,1762,1,1,576,7200,2Story,Corner,OldTown,157000
1384,5,7,1416,2,0,576,25339,1Story,Inside,Sawyer,112000
1385,6,5,1258,1,0,280,9060,1.5Fin,Inside,Edwards,105000
1386,4,8,1154,1,0,240,5436,1.5Fin,Inside,IDOTRR,125500
1387,7,5,2784,3,1,564,16692,2Story,Inside,NWAmes,250000
1388,6,7,2526,2,0,216,8520,1.5Fin,Inside,OldTown,136000
1389,9,5,1746,2,0,758,14892,1Story,CulDSac,Gilbert,377500
1390,6,6,1218,1,0,440,6000,1.5Fin,Inside,BrkSide,131000
1391,7,5,1525,2,0,541,9100,1Story,Inside,CollgCr,235000
1392,5,5,1584,2,0,792,8944,1Story,Inside,NAmes,124000
1393,5,5,900,1,0,288,7838,SFoyer,Inside,NAmes,123000
1394,6,7,1912,2,0,672,10800,1.5Fin,Inside,OldTown,163000
1395,7,5,1500,2,0,648,4045,1Story,Inside,Blmngtn,246578
1396,8,5,2482,2,1,642,12665,2Story,Inside,Timber,281213
1397,5,5,1687,1,0,572,57200,1Story,Inside,Timber,160000
1398,5,8,1513,1,1,180,6120,2Story,Inside,BrkSide,137500
1399,5,4,1904,1,1,240,7200,1.5Fin,Inside,NAmes,138000
1400,6,6,1608,2,1,216,6171,1.5Fin,Inside,SWISU,137450
1401,6,7,1158,1,0,208,6000,1.5Fin,Corner,BrkSide,120000
1402,6,5,1593,2,1,398,7415,2Story,Inside,Gilbert,193000
1403,7,5,1294,2,0,662,6762,1Story,Inside,CollgCr,193879
1404,8,5,1464,2,0,754,15256,1Story,CulDSac,Somerst,282922
1405,3,4,1214,1,0,936,10410,1.5Fin,Corner,OldTown,105000
1406,8,5,1646,2,0,482,3842,1Story,Inside,Crawfor,275000
1407,5,7,768,1,0,396,8445,SFoyer,Corner,CollgCr,133000
1408,5,5,833,1,0,0,8780,1Story,Corner,Mitchel,112000
1409,4,7,1363,1,0,528,7740,2Story,Inside,OldTown,125500
1410,7,6,2093,2,1,542,20544,2Story,CulDSac,NWAmes,215000
1411,7,5,1840,2,1,622,12420,2Story,Inside,CollgCr,230000
1412,6,8,1668,1,1,271,9600,1.5Fin,Inside,NAmes,140000
1413,4,5,1040,2,0,420,7200,1Story,Inside,NAmes,90000
1414,8,5,1844,2,0,620,10994,1Story,Corner,SawyerW,257000
1415,6,7,1848,1,1,370,13053,1.5Fin,Inside,BrkSide,207000
1416,7,5,1569,2,0,660,3635,1Story,Inside,Blmngtn,175900
1417,4,6,2290,2,0,560,11340,2Story,Inside,OldTown,122500
1418,8,5,2450,2,1,1069,16545,2Story,Inside,NoRidge,340000
1419,5,5,1144,1,1,336,9204,1Story,Inside,NAmes,124000
1420,6,5,1844,2,0,540,16381,1Story,Inside,Crawfor,223000
1421,6,6,1416,2,1,776,11700,2Story,Corner,NWAmes,179900
1422,6,5,1069,2,0,440,4043,1Story,Inside,NPkVill,127500
1423,6,5,848,1,0,420,4435,1Story,Inside,CollgCr,136500
1424,6,7,2201,2,0,432,19690,SLvl,CulDSac,Edwards,274970
1425,5,5,1344,1,0,484,9503,1Story,Inside,NAmes,144000
1426,6,6,1252,1,0,528,10721,1Story,Inside,NAmes,142000
1427,7,5,2127,2,1,525,10944,2Story,Inside,NoRidge,271000
1428,5,6,1558,1,1,288,10930,1.5Fin,Inside,NAmes,140000
1429,5,7,804,1,0,240,7200,1Story,Corner,OldTown,119000
1430,6,7,1440,2,0,467,12546,1Story,Corner,NWAmes,182900
1431,5,5,1838,2,1,372,21930,2Story,Inside,Gilbert,192140
1432,6,6,958,2,0,440,4928,1Story,Inside,NPkVill,143750
1433,4,6,968,2,0,216,10800,1Story,Inside,OldTown,64500
1434,6,5,1792,2,1,451,10261,2Story,Inside,Gilbert,186500
1435,5,5,1126,2,0,484,17400,1Story,Inside,Mitchel,160000
1436,6,9,1537,1,1,462,8400,1Story,Inside,NAmes,174000
1437,4,6,864,1,0,528,9000,1Story,FR2,NAmes,120500
1438,8,5,1932,2,0,774,12444,1Story,FR2,NridgHt,394617
1439,6,7,1236,1,0,923,7407,1Story,Inside,OldTown,149700
1440,7,6,1725,2,1,550,11584,SLvl,Inside,NWAmes,197000
1441,6,7,2555,2,0,672,11526,2.5Fin,Inside,Crawfor,191000
1442,6,5,848,1,0,420,4426,1Story,Inside,CollgCr,149300
1443,10,5,2007,2,1,812,11003,2Story,Inside,Somerst,310000
1444,6,6,952,1,0,192,8854,1.5Unf,Inside,BrkSide,121000
1445,7,5,1422,2,0,626,8500,1Story,FR2,CollgCr,179600
1446,6,5,913,1,0,240,8400,SFoyer,Inside,Sawyer,129000
1447,5,7,1188,1,0,312,26142,1Story,CulDSac,Mitchel,157900
1448,8,5,2090,2,1,556,10000,2Story,Inside,CollgCr,240000
1449,4,7,1346,1,1,384,11767,2Story,Inside,Edwards,112000
1450,5,7,630,1,0,0,1533,SFoyer,Inside,MeadowV,92000
1451,5,5,1792,2,2,0,9000,2Story,FR2,NAmes,136000
1452,8,5,1578,2,0,840,9262,1Story,Inside,Somerst,287090
1453,5,5,1072,1,0,525,3675,SLvl,Inside,Edwards,145000
1454,5,5,1140,1,0,0,17217,1Story,Inside,Mitchel,84500
1455,7,5,1221,2,0,400,7500,1Story,Inside,Somerst,185000
1456,6,5,1647,2,1,460,7917,2Story,Inside,Gilbert,175000
1457,6,6,2073,2,0,500,13175,1Story,Inside,NWAmes,210000
1458,7,9,2340,2,0,252,9042,2Story,Inside,Crawfor,266500
1459,5,6,1078,1,0,240,9717,1Story,Inside,NAmes,142125
1460,5,6,1256,1,1,276,9937,1Story,Inside,Edwards,147500
